Season,SeedDiff,AvgPtsDiff,AvgORDiff,AvgDRDiff,AvgFTADiff,AvgFTMDiff,OrdinalDiff,TeamA_Won
2003,0,1.5931034482758548,0.8908045977011483,1.6275862068965523,7.135632183908047,1.434482758620689,-1.0625,0
2003,-15,17.42118226600985,2.213054187192119,1.9187192118226584,5.448275862068964,4.673645320197043,-150.4485294117647,1
2003,3,1.448275862068968,-0.3793103448275854,-2.655172413793103,3.3103448275862064,2.586206896551726,14.294117647058822,1
2003,5,0.10240334378264038,-0.2925809822361547,0.09404388714733258,5.142110762800417,5.397074190177637,24.952205882352942,1
2003,-1,2.0827586206896456,1.508045977011495,2.345977011494252,-0.9494252873563198,-2.387356321839082,-13.90625,1
2003,7,-7.581720430107524,-3.8956989247311835,-3.4806451612903224,2.0612903225806427,3.2935483870967754,1.09375,0
2003,11,-7.966666666666669,-2.966666666666667,0.3666666666666636,-3.8000000000000007,-2.8999999999999986,72.32536764705883,0
2003,-1,-9.743087557603687,0.20737327188940036,-1.9297235023041495,-3.1094470046082954,-2.9170506912442384,-0.65625,0
2003,-9,2.3365591397849528,-2.4279569892473134,2.1419354838709666,-1.9967741935483865,-0.1677419354838694,-45.5625,1
2003,-13,15.36666666666666,1.6666666666666679,4.533333333333331,3.8999999999999986,1.5333333333333332,-84.37316176470588,1
2003,11,-9.048029556650249,-1.0381773399014786,0.23891625615763346,-1.4692118226600996,-2.5578817733990125,52.39522058823529,0
2003,-5,-2.7591397849462282,2.650537634408602,3.436559139784947,-1.2387096774193544,-1.7322580645161292,-23.678308823529413,1
2003,-7,2.99677419354839,-0.14623655913978517,3.870967741935484,1.4053763440860223,2.554838709677419,-26.03860294117647,1
2003,-15,-1.6333333333333258,-0.8333333333333339,0.6999999999999993,-7.199999999999999,-4.866666666666669,-203.44485294117646,1
2003,9,2.4205069124423915,-2.2062211981566815,1.2281105990783416,5.547235023041477,3.289170506912443,57.23345588235294,0
2003,-9,-0.7230255839822064,2.321468298109009,-2.634037819799776,3.406006674082313,2.2135706340378185,-35.41727941176471,0
2003,7,3.4827586206896655,0.03448275862069039,0.20689655172413524,6.241379310344829,4.448275862068966,38.299632352941174,0
2003,3,-0.5206896551724185,0.7609195402298852,-1.5712643678160916,-0.9218390804597689,-1.036781609195403,19.4375,1
2003,7,-1.5804597701149419,-4.8390804597701145,-4.220689655172414,-1.0816091954022973,0.03218390804597604,24.415441176470587,1
2003,-13,4.125448028673844,0.02867383512544741,-1.7048984468339299,-4.583034647550779,-3.3488649940262825,-107.08272058823529,1
2003,3,-1.2455357142857082,2.352678571428571,-1.696428571428573,-1.696428571428573,-1.2678571428571423,-3.375,0
2003,15,-6.28125,-1.1875,-3.25,1.84375,1.1875,148.82904411764707,0
2003,9,-12.129629629629619,-2.5703703703703695,-0.87777777777778,-1.1000000000000014,-0.8740740740740733,84.93933823529412,0
2003,-5,9.419047619047632,3.783333333333333,3.616666666666667,3.3714285714285737,2.6452380952380956,-26.21139705882353,1
2003,3,8.290322580645167,3.806451612903226,3.70967741935484,1.8064516129032242,-0.0967741935483879,5.03125,0
2003,-5,-1.4610472541507136,3.0459770114942515,-0.11621966794380612,3.5670498084291182,1.3665389527458487,-25.40909090909091,1
2003,-13,-0.9483870967741979,-0.6999999999999993,3.011827956989247,3.5096774193548406,0.435483870967742,-154.71507352941177,1
2003,-1,1.4758064516128968,0.2200460829493096,1.0518433179723488,-5.629032258064516,-6.271889400921658,-10.15625,0
2003,11,-3.931034482758619,-3.0,-3.586206896551726,0.27586206896551957,2.413793103448274,48.286764705882355,0
2003,-15,7.650246305418719,3.9027093596059093,2.970443349753694,2.8546798029556655,1.0344827586206904,-233.1378676470588,1
2003,-1,15.485416666666666,1.2416666666666671,1.3000000000000007,1.8562499999999993,2.7979166666666675,0.40625,0
2003,13,1.289910600255439,-0.7586206896551726,-2.893997445721581,-1.8058748403575997,-1.7011494252873582,114.38786764705883,0
2003,11,1.1333333333333258,1.1333333333333329,-0.8000000000000007,-4.833333333333332,-4.766666666666666,56.69852941176471,0
2003,-8,8.149769585253452,3.243087557603687,2.3202764976958505,0.35483870967741993,-0.2384792626728114,-40.4172794117647,1
2003,1,7.775268817204292,1.0247311827956995,2.7709677419354826,1.3258064516129053,0.8677419354838705,3.264705882352942,1
2003,8,-2.621839080459779,-3.1804597701149433,0.1758620689655146,-2.894252873563218,-0.6241379310344826,34.981617647058826,0
2003,8,-5.367816091954012,-0.6103448275862071,-3.589655172413792,2.073563218390806,1.4850574712643692,30.029411764705884,0
2003,-3,6.618663594470036,-0.3767281105990783,-1.8317972350230391,5.4458525345622135,6.210829493087557,-10.02941176470588,1
2003,-1,-4.663440860215047,-1.6537634408602155,-1.4709677419354854,-3.7387096774193544,-3.554838709677419,-11.617647058823529,0
2003,7,3.31609195402298,-0.8919540229885055,-0.5873563218390778,0.9172413793103438,0.21264367816091934,30.28860294117647,0
2003,8,2.791991101223587,0.8509454949944395,3.2547274749721886,-0.06117908787541637,-0.3170189098998879,37.299632352941174,0
2003,8,-8.313793103448276,-2.825287356321839,-4.364367816091953,-6.8873563218390785,-6.967816091954024,32.731617647058826,1
2003,8,-13.247126436781599,-5.372413793103448,-4.720689655172414,-8.548275862068966,-5.501149425287355,31.033088235294116,1
2003,-8,10.797916666666666,2.741666666666667,0.9562500000000007,1.9812499999999993,1.4541666666666675,-33.92279411764706,1
2003,3,2.5523809523809575,-0.18333333333333357,1.25,-2.795238095238094,-3.0214285714285705,10.205882352941178,1
2003,-5,8.677419354838719,0.12903225806451601,0.0,-3.193548387096776,-2.903225806451612,-24.988970588235293,0
2003,5,-4.068749999999994,-0.08125000000000071,0.25833333333333286,-0.1750000000000007,1.625,37.96507352941177,0
2003,3,-11.379310344827587,-1.931034482758621,-2.8275862068965516,-1.275862068965516,-1.8275862068965534,14.002673796791443,0
2003,8,-7.107142857142861,-5.785714285714285,-2.678571428571427,1.7142857142857153,2.1428571428571423,29.637867647058822,0
2003,-4,5.117511520737324,3.791474654377881,0.7718894009216584,2.161290322580644,0.18087557603686477,-19.441176470588236,1
2003,1,0.63333333333334,-0.5333333333333332,-3.799999999999997,3.9333333333333336,3.833333333333332,4.735294117647058,0
2003,-4,6.807112068965523,2.5646551724137936,1.6045258620689644,1.3329741379310356,0.2737068965517242,-18.52941176470588,1
2003,1,3.7928571428571445,1.807142857142857,-1.2952380952380942,0.8071428571428569,3.678571428571427,9.382352941176471,1
2003,-1,13.559907834101395,3.07258064516129,2.491935483870968,-0.5576036866359431,-1.0794930875576032,-8.930147058823529,0
2003,11,-2.580459770114942,-4.305747126436781,-4.587356321839078,-2.048275862068966,-1.2011494252873565,34.94485294117647,0
2003,7,-10.00344827586207,-2.377011494252873,-4.329885057471266,-3.8873563218390785,-3.3126436781609208,30.849264705882355,0
2003,4,1.1761904761904702,-1.4119047619047596,1.7571428571428562,-1.6857142857142833,-2.0999999999999996,20.294117647058822,0
2003,-1,3.8809523809523796,0.8785714285714281,0.7428571428571438,0.8666666666666671,1.4690476190476183,-3.294117647058824,0
2003,-2,-0.8616071428571388,-0.23214285714285765,0.08482142857142705,-2.8258928571428577,-3.491071428571427,-11.558823529411764,0
2003,-2,-8.936781609195393,-2.1770114942528735,-1.9298850574712674,-5.020689655172411,-3.212643678160921,-6.970588235294118,0
2003,6,-11.631336405529964,-5.501152073732717,-1.8847926267281103,-1.6566820276497687,-0.741935483870968,27.606617647058822,0
2003,-1,2.94047619047619,1.192857142857143,2.8285714285714256,0.5261904761904752,-2.1119047619047606,-6.852941176470589,1
2003,2,1.2463054187192029,-1.8682266009852206,0.75369458128079,-0.1650246305418719,-0.6206896551724128,5.88235294117647,1
2003,-1,1.2298850574712645,-0.010344827586205696,0.003448275862066197,0.51264367816092,-0.31264367816092076,-7.117647058823529,0
2004,0,6.242857142857133,0.25476190476190474,-1.895238095238092,4.711904761904762,3.2857142857142865,74.1875,1
2004,-1,0.9310344827586192,-1.8965517241379324,1.7931034482758612,3.4137931034482776,2.586206896551724,3.890909090909094,1
2004,-13,12.690909090909088,3.66969696969697,4.584848484848486,2.045454545454543,0.1212121212121211,-130.03125,1
2004,3,-2.89791666666666,0.15208333333333357,2.0145833333333343,1.0874999999999986,0.03125,4.878787878787875,0
2004,15,-18.31666666666667,-1.7062500000000007,-0.07708333333333428,-1.377083333333335,-2.6708333333333325,248.89236111111111,0
2004,-13,10.068965517241367,-0.3448275862068968,1.413793103448274,-1.1034482758620676,0.275862068965516,-133.30303030303028,1
2004,-7,2.621839080459779,-1.939080459770116,2.24367816091954,-6.303448275862067,-4.927586206896551,-35.57575757575758,0
2004,-9,1.8839080459770088,5.49080459770115,1.6643678160919535,1.3551724137931025,-2.072413793103447,-24.873737373737374,1
2004,-3,-4.051724137931032,-4.296551724137931,-4.087356321839078,-4.347126436781611,-2.0310344827586224,11.846702317290557,0
2004,5,-22.89285714285714,-9.214285714285715,-9.285714285714285,-9.714285714285714,-6.142857142857142,28.57323232323232,0
2004,1,15.231527093596057,2.110837438423644,0.36822660098522064,2.0800492610837438,2.99630541871921,2.529870129870133,0
2004,15,-9.043778801843331,3.547235023041475,0.9112903225806441,-0.012672811059907474,-0.3882488479262669,174.33080808080808,0
2004,-15,1.5047619047619065,-1.257142857142858,0.05714285714285694,-3.130952380952383,-1.1547619047619069,-202.84375,1
2004,7,-0.7433862433862402,-3.965608465608465,-1.2698412698412724,1.7341269841269842,3.194444444444443,9.601010101010104,0
2004,11,-14.63333333333334,-7.723076923076924,-2.907692307692308,-5.8615384615384585,-3.364102564102563,92.91919191919192,0
2004,1,5.93857758620689,3.4461206896551726,3.4849137931034484,5.824353448275861,1.807112068965516,2.0,0
2004,9,-13.021428571428572,-1.7023809523809526,1.8999999999999986,-6.859523809523807,-7.078571428571427,53.267676767676775,0
2004,-5,3.8467741935483843,2.16733870967742,-0.28125,7.086693548387096,4.209677419354838,-7.080213903743314,1
2004,-9,-1.0310344827586135,0.9264367816091941,-1.3839080459770123,0.8149425287356316,0.32413793103448185,-51.916666666666664,1
2004,-11,8.855603448275858,2.443965517241379,0.19719827586206762,1.8965517241379324,0.4202586206896548,-64.70202020202021,1
2004,-7,-8.266666666666666,-0.1999999999999993,-2.366666666666667,-3.633333333333333,-2.9000000000000004,-39.37373737373737,1
2004,9,-4.857142857142861,1.2188940092165907,-4.338709677419356,0.5576036866359431,-1.21774193548387,48.29545454545455,0
2004,15,-1.0333333333333456,-0.36666666666666714,-1.5,5.0,3.9000000000000004,264.28819444444446,0
2004,-3,2.662337662337663,0.7673160173160163,1.5064935064935057,2.7900432900432897,1.5995670995670999,-2.308225108225109,1
2004,-13,8.325892857142861,5.375,2.1071428571428577,2.8482142857142847,0.11607142857142883,-152.82291666666666,1
2004,-11,-2.924403183023884,-1.619363395225463,1.7281167108753337,-0.22944297082228005,2.0358090185676403,-58.83585858585858,1
2004,13,-7.956896551724142,-2.236453201970443,-2.9938423645320213,-1.6995073891625623,-1.014778325123153,121.82986111111111,0
2004,7,-2.3333333333333286,-2.4119047619047613,2.3738095238095234,3.3309523809523824,2.866666666666667,47.43434343434344,1
2004,-11,-1.6422413793103487,0.5269396551724146,-0.17780172413793238,3.657327586206897,1.2155172413793096,-67.84343434343435,1
2004,1,-6.881609195402305,-0.05517241379310356,-0.3103448275862064,-5.305747126436781,-4.967816091954024,-18.78787878787879,1
2004,-5,-5.366666666666674,-2.9333333333333336,0.5333333333333314,-3.3999999999999986,-2.6000000000000014,-8.952762923351155,1
2004,5,-4.10208333333334,0.7020833333333325,1.8000000000000007,-1.5895833333333336,-0.9916666666666671,36.505050505050505,0
2004,3,2.851619644723101,-0.13270637408568398,2.5788923719958206,1.4430512016718922,2.479623824451412,-14.441176470588239,0
2004,7,-1.7264367816091948,0.21034482758620676,-1.1999999999999993,1.0287356321839098,-0.3908045977011483,29.340909090909093,1
2004,-5,8.224242424242433,3.2363636363636363,5.718181818181819,-0.3878787878787904,-2.045454545454545,-40.31818181818182,1
2004,-7,7.464285714285708,1.6205357142857135,-2.477678571428573,4.165178571428573,3.3303571428571423,-30.588383838383837,1
2004,-8,6.84482758620689,-1.8482758620689665,2.464367816091954,-0.45057471264367877,0.6586206896551694,-24.87878787878788,0
2004,-7,4.379464285714292,-1.6339285714285712,0.5625,-1.5044642857142847,-1.7901785714285712,-28.23989898989899,1
2004,-1,4.438095238095229,1.8380952380952387,1.019047619047619,4.878571428571426,2.8500000000000014,-3.333333333333332,0
2004,3,5.938095238095229,-0.9428571428571431,-0.45714285714285907,3.0285714285714285,2.152380952380952,2.5277777777777786,0
2004,8,-9.47660098522168,-1.863300492610838,-0.8103448275862064,-0.7894088669950747,0.6490147783251246,38.631313131313135,0
2004,3,-9.3125,1.4375,-2.375,1.3125,0.5625,20.92483660130719,0
2004,-1,4.366666666666674,1.0999999999999996,1.1999999999999993,5.600000000000001,3.2333333333333325,-5.3611111111111125,0
2004,-8,5.69047619047619,2.8047619047619037,2.2333333333333343,-1.2952380952380942,-1.6166666666666671,-47.62878787878789,1
2004,5,-4.635467980295573,2.084975369458128,0.970443349753694,0.8004926108374377,-0.22906403940886655,21.696825396825396,0
2004,-3,0.24166666666666003,1.6395833333333325,2.0187500000000007,-1.1208333333333336,-2.116666666666667,-5.944444444444444,1
2004,-8,-1.418390804597692,-0.5448275862068961,1.3436781609195414,-0.2942528735632166,0.63448275862069,-35.118686868686865,0
2004,-3,-0.4885057471264389,-1.3988505747126432,-0.5103448275862057,-0.7781609195402304,1.1229885057471272,-10.913398692810457,0
2004,-5,6.682900432900439,2.962121212121213,2.410173160173162,3.8235930735930737,2.201298701298702,-28.475490196078436,0
2004,3,-0.7216748768472883,-2.6182266009852224,-0.7142857142857153,1.040640394088669,2.025862068965518,11.14646464646465,1
2004,-4,5.257575757575765,3.869696969696969,5.284848484848485,-0.22121212121212253,-2.1121212121212114,-15.941176470588236,1
2004,-1,9.331896551724142,-1.5269396551724146,0.4536637931034484,2.1012931034482776,2.336206896551724,-0.8888888888888884,1
2004,-3,-6.035714285714278,-4.357142857142858,-0.25,-7.428571428571427,-5.499999999999998,-12.63888888888889,1
2004,-4,7.216666666666669,1.3729166666666668,-0.08958333333333357,6.077083333333334,5.070833333333333,-15.63888888888889,1
2004,-7,2.5625,-2.0250000000000004,0.627083333333335,-0.9333333333333336,-1.1625000000000014,-20.48989898989899,1
2004,-5,0.30541871921182917,-0.2733990147783256,3.8103448275862064,1.7438423645320213,2.2844827586206904,-17.84090909090909,1
2004,-4,6.709090909090918,4.5121212121212135,1.403030303030306,2.1878787878787875,1.4060606060606062,-21.947712418300657,0
2004,6,-6.884012539184951,-3.9926854754440964,-5.484848484848484,1.649947753396031,2.8213166144200628,27.590909090909093,0
2004,1,0.42118226600985054,1.7007389162561566,0.9224137931034484,2.9495073891625623,1.9076354679802954,3.083333333333334,1
2004,-6,9.325757575757578,1.6183712121212128,-0.8532196969696955,3.631628787878789,3.7102272727272734,-33.91993464052288,1
2004,-1,3.205357142857139,-0.6964285714285712,-0.40625,1.428571428571427,0.6875,-10.86111111111111,1
2004,1,-0.6590909090909065,1.8967803030303028,6.641098484848484,-3.631628787878789,-4.982954545454545,5.361111111111111,1
2004,1,-0.14439655172414234,-0.004310344827585411,1.9213362068965516,0.5862068965517224,0.3512931034482758,4.333333333333332,1
2004,-1,1.0284090909090935,3.9280303030303028,3.3910984848484844,-2.787878787878789,-3.482954545454545,-3.2222222222222214,1
2005,0,-1.275862068965509,1.068965517241379,3.655172413793103,4.482758620689655,1.7241379310344822,53.68571428571428,0
2005,-11,6.6989247311827995,4.211143695014663,-1.5014662756598227,-0.9178885630498534,0.9628543499511242,-41.11282051282051,1
2005,-9,3.4642857142857224,1.9642857142857135,-1.678571428571427,1.1428571428571423,1.9642857142857153,-71.71355311355312,1
2005,-3,3.2006048387096797,3.293346774193548,2.06451612903226,4.5,3.20967741935484,-8.581196581196583,1
2005,-11,12.93103448275862,0.5517241379310338,2.9655172413793096,4.482758620689655,4.689655172413794,-77.27894736842106,1
2005,15,-3.2629521016617815,1.4819159335288372,0.2512218963831856,2.783968719452588,0.9305962854349961,180.80366300366302,0
2005,13,-3.3629629629629676,-1.7740740740740737,0.6555555555555586,-3.8444444444444414,-2.533333333333333,124.0923076923077,0
2005,1,-7.793103448275858,-1.3793103448275872,1.275862068965516,0.24137931034482563,0.4137931034482776,4.0,1
2005,11,9.753058954393765,3.120133481646274,2.513904338153502,6.823136818687431,6.630700778642936,108.189010989011,0
2005,-1,0.05665024630540927,-4.669950738916256,2.141625615763548,-3.1564039408866975,-0.25738916256157474,-3.1280227596017056,1
2005,-5,3.5333333333333314,-0.5619047619047617,-1.75,-0.5071428571428562,0.5,-12.957602339181285,1
2005,-5,-2.32369299221358,-0.25917686318131317,3.6384872080089004,-0.42825361512791815,0.43159065628476156,-21.833333333333336,0
2005,-5,-8.28958333333334,-0.46041666666666714,0.27083333333333215,-1.0395833333333329,-2.116666666666667,-20.955128205128208,1
2005,13,-14.26523297491039,-0.44922341696535106,1.3966547192353644,-3.2759856630824373,-2.5519713261648747,134.15970695970697,0
2005,15,-16.940092165898605,-4.7788018433179715,3.2626728110599075,2.9804147465437794,0.8652073732718897,161.47765567765566,0
2005,3,1.2893450635386188,-0.024437927663733205,0.7409579667644195,2.9286412512218973,1.9501466275659833,9.801587301587297,0
2005,-7,1.5444444444444514,-3.1000000000000014,3.1703703703703674,1.8962962962962955,2.1037037037037027,-29.79194139194139,0
2005,11,-11.867630700778648,-2.4382647385984413,-3.5461624026696335,-0.7385984427141246,-0.34149054505005516,93.41172161172162,1
2005,-13,10.34482758620689,3.724137931034484,7.310344827586206,6.344827586206897,4.413793103448278,-117.07545787545789,1
2005,15,-17.360416666666666,-3.34375,-7.558333333333334,-4.212499999999999,-2.3270833333333343,173.85201465201465,0
2005,-9,5.060215053763429,0.5967741935483879,3.93010752688172,-2.6322580645161295,-1.849462365591398,-52.90915750915751,1
2005,7,2.6747126436781627,0.2678160919540229,-3.044827586206896,1.1114942528735625,1.14712643678161,21.525604551920345,0
2005,1,-0.07230255839822064,0.37152391546162455,0.7230255839822028,-0.2869855394883203,-0.5350389321468292,11.30555555555555,1
2005,-9,8.203559510567302,-1.5317018909899893,5.246941045606228,3.5205784204671886,3.875417130144603,-61.43516483516484,1
2005,-7,7.758928571428569,-0.14285714285714235,-0.13392857142857295,-0.08035714285714235,1.7232142857142865,-34.15091575091574,1
2005,1,2.3375000000000057,2.2333333333333325,2.7687500000000007,1.5145833333333343,-0.6000000000000014,-4.833333333333336,1
2005,-3,4.513392857142861,3.477678571428571,2.6696428571428577,4.008928571428573,2.5,1.5833333333333357,0
2005,-15,18.429365962180214,1.912124582869854,5.893214682981089,6.836484983314794,6.552836484983315,-191.34652014652016,1
2005,-13,16.807151979565766,0.6385696040868449,2.4942528735632195,-0.531289910600254,2.549169859514688,-122.17289377289377,1
2005,-3,-3.092741935483872,-0.816532258064516,-2.05342741935484,-7.734879032258064,-5.162298387096776,-4.5428571428571445,1
2005,-9,2.88484848484849,1.7848484848484851,-1.7151515151515149,3.887878787878787,1.5424242424242411,-39.29157509157509,0
2005,7,2.112347052280313,-4.56618464961068,1.4137931034482776,1.9243604004449395,-0.04449388209121352,24.305555555555557,0
2005,5,5.333333333333329,-1.7333333333333325,0.0,-2.3999999999999986,-1.0666666666666664,32.393406593406596,0
2005,-8,1.86021505376344,1.9853372434017587,2.0146627565982413,-4.5630498533724335,-1.682306940371456,-41.06837606837607,1
2005,-8,7.87251828631139,-1.0992685475444102,-3.916405433646812,-7.503657262277951,-4.989550679205854,-38.02350427350427,1
2005,5,2.6860215053763454,1.6870967741935488,4.164516129032261,5.600000000000001,4.509677419354841,13.666666666666666,0
2005,-3,2.156321839080462,0.35747126436781507,2.9482758620689644,4.503448275862066,2.982758620689655,-13.31578947368421,0
2005,-3,8.05268817204302,2.108602150537635,-0.8817204301075243,-1.431182795698927,-1.9881720430107528,-9.974358974358974,0
2005,7,-13.812013348164626,-5.305895439377085,3.5828698553948826,-1.1045606229143488,-0.5350389321468292,20.55735492577598,0
2005,-5,14.483870967741936,4.064516129032258,4.903225806451612,10.70967741935484,6.451612903225806,-29.15811965811966,0
2005,-8,-1.9603174603174551,0.9880952380952372,0.1679894179894177,2.272486772486772,1.894179894179894,-36.22783882783882,0
2005,-8,7.329166666666666,-1.0,-1.5354166666666664,1.6187499999999986,2.2333333333333343,-32.71153846153846,1
2005,1,-5.981720430107529,0.056989247311829416,0.28064516129032313,-2.2182795698924735,-2.5397849462365567,18.139676113360323,0
2005,-8,5.471428571428575,-0.17619047619047556,-1.68809523809524,1.7904761904761912,2.4190476190476193,-38.522344322344324,1
2005,-8,4.776939655172413,4.595905172413794,9.010775862068964,3.6099137931034484,2.5517241379310356,-25.756410256410255,0
2005,8,-20.394883203559516,-2.0155728587319235,-3.3414905450500534,-7.319243604004448,-6.276974416017797,45.8568376068376,0
2005,-5,11.228448275862064,0.06681034482758541,1.1713362068965516,5.391163793103448,4.554956896551724,-20.144322344322347,1
2005,-1,3.1080459770114857,-2.775862068965518,3.2471264367816097,1.2275862068965502,-0.02298850574712752,0.2051282051282044,0
2005,8,-3.586021505376351,-1.14516129032258,-2.1473118279569903,0.44301075268817414,0.9182795698924728,82.82197802197803,0
2005,1,1.5632183908046073,2.347962382445141,0.44514106583072177,-1.4451410658307218,-1.010449320794148,2.9743589743589745,1
2005,-11,3.5353535353535364,-2.363636363636365,0.09764309764309687,-4.218855218855218,-2.53872053872054,-47.68937728937728,1
2005,3,-5.677419354838705,-2.35483870967742,3.9677419354838683,2.967741935483872,2.0645161290322562,3.1282051282051286,1
2005,-1,7.307526881720435,1.463440860215055,2.725806451612904,4.922580645161293,4.17741935483871,-6.8187134502924,0
2005,-4,6.366666666666674,2.0666666666666664,-0.43333333333333357,0.03333333333333144,-1.4333333333333336,-13.82051282051282,1
2005,-4,1.6952380952380963,1.6428571428571423,0.7547619047619065,4.542857142857141,1.9476190476190478,-11.615384615384617,0
2005,-4,15.015572858731929,-0.5016685205784217,3.9621802002224698,6.698553948832036,4.794215795328142,-14.717948717948719,1
2005,4,6.677083333333329,0.59375,-3.1291666666666664,1.2958333333333343,1.4666666666666668,20.47435897435897,0
2005,2,2.2424242424242493,2.757575757575758,-0.1212121212121211,1.5757575757575744,2.1515151515151523,9.205128205128204,0
2005,-3,10.322580645161295,2.806451612903226,5.64516129032258,7.7741935483871,5.483870967741934,-24.74786324786325,1
2005,-3,-4.338095238095235,0.8428571428571416,-1.2785714285714285,1.042857142857141,-1.5857142857142872,-6.512820512820513,0
2005,-5,21.607526881720432,3.274193548387096,1.9817204301075257,7.604301075268818,6.950537634408603,-16.410256410256412,1
2005,-3,-3.12414467253177,-1.7399804496578692,-3.0254154447702817,-7.300097751710656,-5.3822091886608,-8.025641025641026,1
2005,4,-10.702764976958534,-1.9170506912442384,-2.369815668202765,-7.513824884792626,-4.6981566820276495,13.53846153846154,0
2005,0,-11.349951124144681,-2.8044965786901273,-3.1544477028347977,-10.719452590420332,-8.059628543499512,-0.9999999999999998,0
2006,0,1.9627016129032313,4.930443548387096,1.6391129032258078,3.575604838709676,1.415322580645162,92.15151515151513,0
2006,3,-4.241379310344826,0.5517241379310356,0.8965517241379324,3.8965517241379324,2.275862068965518,23.028571428571432,1
2006,-9,0.8071120689655231,3.169181034482758,-3.1540948275862064,4.5,1.6088362068965516,-65.45372645372646,1
2006,-15,16.740957966764412,-3.551319648093843,-2.3460410557184765,6.792766373411535,7.246334310850441,-179.90417690417692,1
2006,-11,5.169278996865202,-0.5663531870428429,1.8777429467084659,2.778474399164054,2.640543364681296,-60.55528255528256,1
2006,-1,11.308035714285708,1.9151785714285712,0.07589285714285765,7.28125,3.5446428571428577,-18.068796068796065,1
2006,-11,8.648387096774186,2.0193548387096776,0.41935483870967616,3.3645161290322605,3.8967741935483886,-47.97694753577106,1
2006,9,-6.467741935483872,-5.6658986175115205,-5.7626728110599075,-3.1820276497695854,-0.35138248847926157,42.64942084942085,0
2006,-5,-2.7609195402298923,-3.133333333333333,2.097701149425287,-5.957471264367818,-4.697701149425287,-22.16386554621849,1
2006,9,5.599999999999994,-0.5666666666666664,-2.633333333333333,2.6000000000000014,1.700000000000001,49.283374283374286,0
2006,7,5.9223416965352556,-1.5710872162485057,-1.6033452807646356,0.1481481481481488,-0.05495818399044161,56.47747747747748,1
2006,-13,8.642857142857139,-1.3928571428571423,-1.2857142857142847,-0.4642857142857153,-0.2857142857142865,-70.87633087633088,1
2006,-7,3.6460446247464517,3.297160243407708,3.3367139959432066,-3.122718052738339,-2.7576064908722095,-7.18996138996139,0
2006,13,13.25757575757575,0.954545454545455,1.8090909090909086,1.787878787878789,1.084848484848484,144.22358722358723,0
2006,7,-10.933333333333337,-5.4,0.7999999999999972,-4.333333333333332,-3.5999999999999996,41.60492845786963,0
2006,-5,-4.928571428571431,0.3214285714285712,-1.928571428571427,-3.5,-1.9642857142857153,-32.645372645372646,0
2006,3,-0.4949944382647402,0.7130144605116797,-0.7219132369299217,1.9877641824249146,1.7263626251390427,22.17142857142857,0
2006,-1,1.9354838709677438,0.6795698924731184,-2.7301075268817208,-1.9376344086021504,-0.536559139784945,4.70420168067227,1
2006,9,-2.821505376344092,-0.5612903225806463,-1.0612903225806427,-1.28494623655914,0.15376344086021554,29.7670906200318,1
2006,-1,8.012235817575089,2.8832035595105676,0.4593993325917687,1.7964404894327046,1.3047830923248043,-14.688311688311689,0
2006,15,-12.462365591397841,-5.300000000000001,-5.698924731182796,-3.758064516129032,-2.4806451612903206,137.16707616707615,0
2006,5,-4.537499999999994,-0.9625000000000004,0.01875000000000071,-2.564583333333335,-3.84375,16.98787878787879,1
2006,-3,1.2333333333333343,2.1999999999999993,-2.8000000000000007,-1.1666666666666643,-1.0999999999999996,-12.954689984101744,1
2006,-1,-3.476489028213166,2.011494252873563,3.0052246603970723,-5.449320794148381,-3.413793103448276,-2.479365079365081,1
2006,-15,6.586510263929611,2.3343108504398824,2.33919843597263,2.73607038123167,1.2785923753665713,-117.18345618345619,1
2006,-3,-6.5,0.6999999999999993,-1.3999999999999986,1.9000000000000021,0.8999999999999986,14.999159663865548,0
2006,11,-9.275862068965523,-1.0689655172413808,-2.0689655172413772,-6.103448275862068,-5.241379310344829,68.05896805896806,0
2006,-11,-9.364681295715783,-2.068965517241379,4.262277951933125,-3.083594566353188,-1.385579937304076,-66.2022932022932,0
2006,13,0.8925925925925924,2.15925925925926,2.325925925925926,-1.5777777777777757,-0.28518518518518654,110.02620802620804,0
2006,7,-0.3891129032258078,-2.034274193548388,-3.721774193548388,-0.3024193548387082,0.512096774193548,45.4930384930385,0
2006,13,-7.121212121212125,-3.5420875420875415,-4.441077441077443,-1.2323232323232318,-1.7575757575757578,96.61261261261262,0
2006,15,-10.57004310344827,-4.639008620689655,1.0538793103448292,-3.776939655172413,-4.366379310344829,167.58067158067158,0
2006,5,-9.880978865406014,4.0111234705228025,1.243604004449388,5.331479421579534,2.92992213570634,18.867249602543723,0
2006,-8,-3.6168981481481524,1.9571759259259256,-1.9178240740740726,2.351851851851851,0.7071759259259256,-65.42342342342343,1
2006,-7,3.5508658008658074,-4.275974025974026,-0.9935064935064943,-0.28787878787878896,2.824675324675326,-21.10810810810811,1
2006,-8,5.7370129870129745,-3.7153679653679657,0.7435064935064943,-0.07251082251082153,0.9274891774891767,-53.88861588861589,1
2006,-3,8.92758620689655,2.5999999999999996,1.0689655172413808,8.024137931034485,7.731034482758622,-15.166023166023162,1
2006,-8,5.559770114942523,3.520689655172415,5.022988505747126,-1.5344827586206904,-0.5183908045977006,-18.676447876447874,1
2006,8,1.3897596656217388,1.6384535005224663,2.391849529780565,2.6154649947753406,1.8986415882967602,44.176833976833976,0
2006,-1,-12.432258064516134,-2.381720430107528,0.5150537634408572,-2.9322580645161267,-4.246236559139785,-12.324324324324325,0
2006,-5,12.998847926267274,-0.3029953917050676,-3.210829493087555,1.6774193548387082,0.6820276497695836,-16.27027027027027,0
2006,8,-0.9182795698924764,-0.49677419354838825,-0.9967741935483865,-3.5107526881720403,-1.8462365591397845,30.226550079491258,1
2006,-7,10.878787878787875,3.6333333333333346,5.454545454545457,8.742424242424242,6.899999999999999,-33.36447876447876,1
2006,8,-10.979310344827582,-3.9344827586206907,-1.165517241379309,-6.309195402298851,-5.068965517241381,32.301392301392305,1
2006,5,-8.033333333333331,0.5999999999999996,-2.033333333333335,-2.333333333333332,-1.9333333333333336,16.270270270270274,1
2006,8,-14.5987460815047,-6.507836990595612,-3.863113897596655,-4.435736677115987,-2.9059561128526656,35.03194103194103,0
2006,8,-0.4212121212121218,-5.027272727272727,-1.9818181818181841,1.1787878787878796,1.6090909090909093,26.917374517374512,0
2006,7,-2.4783092324805267,0.13014460511679715,-1.8553948832035587,-1.4916573971078968,-2.1446051167964413,36.10651828298887,0
2006,8,5.103448275862064,5.241379310344827,2.8620689655172384,10.827586206896552,6.344827586206897,53.95904995904996,0
2006,-3,7.74848484848485,-4.354545454545455,-2.969696969696969,3.712121212121211,4.14848484848485,-14.378378378378379,0
2006,12,-9.375757575757575,-3.2181818181818187,-1.1424242424242408,-5.924242424242422,-3.415151515151516,36.28060413354531,0
2006,-4,5.466039707419014,6.233019853709509,6.4576802507836994,7.592476489028211,5.171368861024034,-18.108108108108105,1
2006,1,11.524242424242416,1.7212121212121207,2.90909090909091,6.08787878787879,6.284848484848485,5.810810810810812,0
2006,-4,-1.066666666666677,1.4666666666666668,5.633333333333333,4.600000000000001,2.2666666666666657,-19.81081081081081,1
2006,-4,12.606060606060595,-0.09393939393939377,2.736363636363638,5.806060606060605,4.772727272727272,-13.405405405405407,1
2006,4,1.0774193548387103,-1.7387096774193544,-0.2322580645161274,-1.3559139784946268,-2.03225806451613,8.787878787878789,1
2006,3,-0.8825431034482705,-0.4515086206896548,-0.6023706896551708,1.8793103448275872,-0.4601293103448292,13.702702702702702,0
2006,2,-1.354545454545459,-0.1606060606060602,0.15151515151514872,1.0454545454545467,0.2757575757575754,9.783783783783784,1
2006,-1,12.333333333333329,4.9393939393939394,4.151515151515152,5.878787878787879,3.666666666666668,-6.081081081081082,0
2006,2,3.858934169278996,-2.8766980146290493,1.8777429467084659,0.9853709508881927,0.36468129571577634,6.54054054054054,1
2006,-10,11.933333333333323,6.200000000000001,3.866666666666667,7.533333333333335,5.899999999999999,-39.40950040950041,0
2006,-8,9.87272727272726,0.5060606060606059,-0.16363636363636402,4.6393939393939405,4.6060606060606055,-31.70679770679771,1
2006,2,6.190909090909088,3.0212121212121215,4.242424242424242,2.287878787878789,1.5181818181818176,4.243243243243244,0
2006,1,10.696969696969688,-0.2727272727272734,2.5454545454545467,3.3939393939393945,3.09090909090909,-1.513513513513514,1
2007,0,-7.09286412512219,-2.053763440860214,0.2854349951124142,1.005865102639298,-1.038123167155426,61.58299595141699,0
2007,-3,3.0694037145649986,2.4447702834799596,1.4428152492668609,2.4555229716520017,1.4692082111436946,-20.4,1
2007,-7,-1.8346774193548328,-3.125,-3.62701612903226,0.14516129032258007,0.89616935483871,-25.863664790494056,1
2007,13,4.1764112903225765,0.12096774193548399,3.307459677419356,-0.6975806451612918,-0.9616935483870961,114.97069597069597,0
2007,3,8.221212121212119,-1.1515151515151505,5.457575757575757,3.7393939393939384,3.5363636363636353,21.800000000000004,0
2007,-5,1.3569892473118301,0.9806451612903224,-2.4817204301075257,0.7440860215053746,0.2333333333333325,-25.27261904761905,1
2007,9,0.5,0.4072580645161299,0.804435483870968,-3.17641129032258,-1.08266129032258,32.16849816849817,0
2007,-1,7.3465909090909065,2.7651515151515156,-1.1666666666666679,3.6676136363636367,1.7111742424242422,0.8642857142857139,0
2007,15,-20.931372549019613,-5.178431372549021,-7.3274509803921575,-10.056862745098039,-7.525490196078431,158.48370927318294,0
2007,15,-4.333333333333343,0.7878787878787872,-1.5454545454545467,0.9393939393939412,1.3030303030303028,160.55263157894737,0
2007,-11,6.553308823529406,2.1746323529411757,1.4025735294117645,2.75,0.6360294117647065,-73.62454212454212,1
2007,11,-2.2536151279199146,0.49610678531701957,-3.1001112347052278,-0.5628476084538399,-1.5305895439377082,84.8040293040293,0
2007,-13,0.9309523809523768,1.3880952380952376,-1.1309523809523832,-7.93095238095238,-5.692857142857143,-148.5563909774436,1
2007,-5,-4.600378787878782,-0.7793560606060606,2.5397727272727266,-2.09659090909091,-2.1998106060606055,-32.07628205128205,0
2007,5,-4.668817204301078,1.963440860215055,-1.1967741935483893,0.003225806451613522,-0.44408602150537746,23.6,0
2007,11,5.1875,2.84375,1.875,6.90625,4.875,75.41575091575092,0
2007,-1,0.9375,1.03125,2.46875,-4.65625,-5.15625,-5.602380952380948,0
2007,-15,8.293226381461679,-2.2754010695187166,3.4215686274509807,0.33065953654189073,-0.3039215686274517,-205.15288220551378,1
2007,-15,2.3805704099821696,-1.6078431372549016,3.899286987522281,-1.561497326203206,-2.5561497326203213,-144.60622710622712,1
2007,-1,1.3699596774193594,-2.444556451612904,2.623991935483872,-3.221774193548388,-4.190524193548388,-2.875,1
2007,-13,3.3424242424242436,1.0212121212121197,-0.07878787878787818,2.3878787878787904,0.46060606060605913,-136.75062656641603,1
2007,3,-10.521169354838705,-1.331653225806452,-4.048387096774192,3.006048387096776,2.275201612903226,3.3902439024390247,0
2007,11,-16.83143939393939,-4.180871212121213,-0.44223484848484773,-3.871212121212121,-3.5511363636363633,90.28388278388279,0
2007,-1,8.560416666666669,1.1791666666666671,3.416666666666668,3.560416666666665,3.929166666666667,-18.625,0
2007,9,0.9611742424242493,1.9886363636363633,0.694128787878789,-1.246212121212121,-0.018939393939394478,71.66666666666666,0
2007,7,0.8770833333333314,-0.7937499999999993,1.8645833333333321,-1.6354166666666679,0.056250000000000355,62.6260162601626,0
2007,9,-4.555871212121218,-0.59375,-1.5568181818181834,4.608901515151516,1.1193181818181834,51.578571428571436,0
2007,3,4.066471163245353,1.6168132942326494,0.006842619745846434,0.605083088954057,-0.15151515151515227,8.895238095238096,0
2007,7,-0.029411764705884025,1.9117647058823515,-0.382352941176471,0.08823529411764852,-0.0588235294117645,7.186904761904756,0
2007,9,-9.198275862068968,-2.482758620689655,-2.548491379310345,-6.918103448275861,-5.369612068965516,71.53205128205128,0
2007,7,-7.532258064516128,1.5237191650853887,0.04554079696394808,-2.1831119544592035,-2.248576850094878,0.25,0
2007,-5,7.441244239631331,0.8202764976958523,0.4631336405529929,4.514976958525349,5.697004608294931,-25.06271777003484,0
2007,13,9.07843137254902,-0.15294117647058947,0.43137254901960986,1.9352941176470573,2.3392156862745086,82.95054945054945,0
2007,1,-11.209677419354833,-3.625,-5.00201612903226,-2.88608870967742,-0.76008064516129,17.817653890824623,1
2007,5,6.1764112903225765,1.088709677419354,0.2752016129032242,6.141129032258064,4.554435483870968,31.85595238095238,0
2007,8,-21.17379679144385,-1.9269162210338688,-3.6274509803921546,-5.459893048128343,-3.8012477718360067,24.754761904761907,0
2007,-8,-2.7698863636363598,0.27556818181818166,1.6089015151515156,-5.4564393939393945,-4.926136363636363,-36.15,1
2007,-8,-3.640819964349376,0.1452762923351152,2.286096256684491,-2.90909090909091,-3.282531194295899,-39.93223443223443,1
2007,3,-5.032258064516128,3.387096774193548,-2.0967741935483843,-1.1612903225806477,-1.806451612903226,16.166666666666664,0
2007,5,-1.0666666666666629,0.5999999999999996,-0.1999999999999993,0.8333333333333321,1.7333333333333343,25.364285714285714,0
2007,3,9.202083333333334,2.289583333333333,0.5687500000000014,1.2749999999999986,1.2354166666666675,29.66190476190476,1
2007,-8,9.41727941176471,-0.09926470588235325,4.3382352941176485,1.6819852941176485,1.0919117647058822,-33.82261904761904,1
2007,-7,4.909926470588232,2.2775735294117645,1.6672794117647065,1.654411764705884,0.44669117647058876,-15.552380952380954,1
2007,-5,1.8983382209188733,3.1749755620723352,-1.427174975562071,6.981427174975565,1.5337243401759526,-17.61904761904762,1
2007,-8,2.2867965367965297,0.35497835497835517,-2.3658008658008676,-0.5573593073593059,1.8993506493506498,-31.943670150987224,1
2007,-1,-8.751008064516128,-1.689516129032258,-2.390120967741936,-0.616935483870968,0.14112903225806406,-22.083333333333336,1
2007,1,2.207974137931032,0.1109913793103452,-3.548491379310345,-1.3243534482758612,-2.932112068965516,-20.04268292682927,1
2007,5,4.942067736185379,0.7076648841354718,-1.1292335115864525,-3.385918003565063,-1.642602495543672,16.047619047619047,1
2007,-1,10.80035650623887,4.6764705882352935,1.50534759358289,3.690730837789662,3.112299465240641,-15.166666666666668,0
2007,-3,15.159926470588232,3.6838235294117645,7.2297794117647065,0.404411764705884,-0.27205882352941124,-10.119047619047619,1
2007,-1,3.2531769305962825,4.594330400782013,-0.42717497556207107,3.949169110459433,-0.07917888563049935,-2.404761904761905,1
2007,-4,-6.01988636363636,-2.4119318181818183,2.5464015151515156,-3.8626893939393945,-1.7073863636363633,-22.70731707317073,1
2007,1,-0.8196078431372626,1.1392156862745093,1.7254901960784323,1.966666666666665,1.6235294117647072,4.833333333333333,0
2007,4,-11.033206831119543,-2.0882352941176467,-5.152751423149908,-1.4430740037950684,0.6480075901328277,27.889082462253196,0
2007,-4,-7.264583333333334,0.6166666666666671,-0.5687500000000014,-0.5249999999999986,-0.5791666666666675,-40.78095238095238,1
2007,-4,14.852941176470594,4.088235294117647,2.617647058823529,4.029411764705884,2.8529411764705888,-32.142857142857146,1
2007,-4,1.3636363636363598,0.15151515151515227,0.2424242424242422,-0.7575757575757578,0.21212121212121104,-7.714285714285715,1
2007,1,5.939393939393938,3.6060606060606055,0.6060606060606055,6.181818181818183,2.09090909090909,6.380952380952381,0
2007,-1,6.474509803921563,1.992156862745098,5.490196078431374,3.496078431372549,2.6529411764705895,-0.7380952380952381,0
2007,-2,2.929590017825319,-1.123885918003566,3.239750445632801,2.9670231729055274,0.6657754010695189,-9.238095238095237,1
2007,1,-17.795955882352942,-2.6617647058823533,-4.7628676470588225,-6.4485294117647065,-4.3713235294117645,5.023809523809524,1
2007,-1,7.3568627450980415,0.021568627450980316,4.254901960784316,4.0549019607843135,3.329411764705883,-0.833333333333333,1
2007,1,-5.16761363636364,-0.43181818181818166,-1.9839015151515156,-1.2310606060606055,-0.4488636363636367,5.619047619047619,0
2007,0,5.68716577540107,-0.09358288770053491,1.573083778966133,2.482174688057043,1.3930481283422456,2.4523809523809526,1
2008,0,-9.915441176470587,0.9944852941176467,-3.7316176470588225,-1.647058823529413,-0.742647058823529,100.26829268292681,0
2008,13,-4.8125,-0.15625,-0.28125,-4.25,-2.875,106.27301587301588,0
2008,-15,7.081818181818193,1.1363636363636367,3.990909090909092,1.3121212121212125,1.6848484848484837,-103.43848238482386,1
2008,5,9.704166666666666,6.916666666666668,0.53125,3.6875,2.770833333333332,12.833333333333332,1
2008,5,-7.306250000000006,-3.8291666666666675,0.8125,-1.5687500000000014,-0.4166666666666661,37.93506493506493,0
2008,-7,-1.3030303030303116,3.5454545454545467,0.9393939393939377,-0.2727272727272734,-0.3939393939393945,-36.89206349206349,1
2008,7,-10.734115347018573,-3.352883675464321,-3.8680351906158386,-0.35483870967741993,-0.9217986314760509,61.18253968253968,0
2008,9,-5.271889400921651,-3.191705069124424,1.1658986175115231,1.2294930875576036,1.010138248847925,49.441558441558435,0
2008,5,12.014583333333334,0.4833333333333325,4.225000000000001,1.5166666666666657,1.84375,10.087301587301589,0
2008,11,5.948717948717942,-4.258741258741258,-0.9743589743589745,-3.4324009324009346,-1.1142191142191145,78.72857142857143,0
2008,-1,2.9376114081996434,-1.1969696969696972,1.2575757575757578,-1.9171122994652414,-0.7878787878787872,5.333333333333332,0
2008,15,-12.9969696969697,-1.1060606060606055,-1.9212121212121183,0.5242424242424235,-1.0030303030303038,268.4555555555555,0
2008,1,-0.014705882352942012,0.47058823529411775,-1.8952205882352935,2.939338235294116,1.5110294117647065,-6.081395348837212,0
2008,-9,1.9334677419354875,-3.734879032258064,-2.046370967741936,-0.07560483870967616,2.574596774193548,-89.42380952380952,1
2008,3,-3.1344696969697026,-3.625946969696969,-1.0700757575757578,-0.6392045454545467,0.8948863636363633,9.809523809523807,0
2008,11,15.150537634408607,0.3939393939393945,-0.43206256109482055,-0.12805474095796754,-0.15835777126099693,75.82222222222222,0
2008,11,-7.458333333333329,2.3835227272727266,0.024621212121211045,-3.274621212121211,-3.885416666666668,71.29206349206349,0
2008,1,-1.4886363636363598,1.1931818181818183,-2.4668560606060623,-2.1022727272727266,-3.5407196969696972,14.570346320346324,1
2008,-3,-7.269153225806448,-3.127016129032258,-4.184475806451612,-6.308467741935484,-4.02217741935484,-38.957142857142856,1
2008,3,0.8225806451612954,0.007056451612903913,-1.441532258064516,-6.923387096774194,-4.741935483870968,1.4292929292929273,1
2008,-13,-5.1522177419354875,-1.384072580645162,2.480846774193548,-2.114919354838708,-2.699596774193548,-110.49322493224932,1
2008,11,9.28125,-1.71875,0.0625,2.65625,2.0,83.43968253968254,0
2008,-15,7.17647058823529,3.617647058823529,-0.5735294117647065,1.2457983193277293,-1.0798319327731107,-158.3951219512195,1
2008,-3,-2.0268817204300973,0.07741935483871032,-0.6258064516129025,0.043010752688172005,1.9344086021505387,0.8831672203765208,1
2008,-1,-3.7127016129032313,2.025201612903226,4.753024193548388,1.1078629032258078,-0.2237903225806459,-7.261904761904759,1
2008,15,-19.643382352941174,-5.612132352941176,-4.5625,-4.8235294117647065,-4.845588235294116,162.1441734417344,0
2008,-5,-4.9090909090909065,1.4242424242424239,2.3636363636363633,-0.5454545454545467,-1.3333333333333321,-17.523809523809526,1
2008,-9,12.71875,2.773674242424242,5.556818181818183,8.625946969696969,7.056818181818182,-84.54920634920634,0
2008,9,-3.763257575757578,1.264204545454545,-2.691287878787879,-1.3181818181818166,-2.100378787878789,58.87777777777778,1
2008,13,-17.3125,-4.9375,-1.09375,-3.3125,-0.375,128.42764227642277,0
2008,13,-0.2602495543671921,-2.6096256684491976,-3.4367201426024963,4.926916221033867,4.016934046345812,126.15714285714286,0
2008,-7,6.34375,2.1875,-0.03125,-2.6875,-3.90625,-30.755411255411257,0
2008,-7,-4.346236559139783,-0.4892473118279561,-0.7129032258064534,-2.037634408602152,-0.3419354838709676,-31.093650793650795,0
2008,-7,11.931818181818187,1.8030303030303028,2.2054924242424256,3.347537878787879,1.6723484848484844,-37.336950904392765,1
2008,1,-2.8398268398268414,-2.1203463203463198,1.5324675324675319,-2.331601731601733,-0.1619047619047631,0.21616161616161378,1
2008,3,5.239583333333329,0.38068181818181834,-2.479166666666668,0.07481060606060552,0.17424242424242387,7.1030303030303035,0
2008,8,-2.9090909090909065,-0.9090909090909083,3.787878787878789,1.9393939393939412,-0.8484848484848495,24.884126984126986,0
2008,1,13.550403225806448,5.54133064516129,6.885080645161292,2.01108870967742,1.522177419354838,3.62222222222222,0
2008,-5,9.428030303030297,0.7490530303030312,0.6799242424242422,3.4232954545454533,2.7073863636363633,-19.24920634920635,0
2008,8,11.433333333333337,4.560606060606062,0.6969696969696955,2.9848484848484844,1.7878787878787872,30.536507936507935,0
2008,3,-6.614583333333329,-0.022727272727273373,-3.412878787878789,-1.462121212121211,-2.010416666666668,15.133333333333335,0
2008,8,7.603830645161295,1.319556451612904,-0.22278225806451601,-2.110887096774194,-0.42943548387096797,20.555555555555557,1
2008,-3,3.513257575757578,0.2926136363636367,1.4564393939393945,-0.22821969696969546,-0.6846590909090917,-21.773015873015872,1
2008,-7,6.58272058823529,1.898897058823529,-1.9797794117647065,2.196691176470587,0.26838235294117574,-34.91428571428572,1
2008,8,-15.069518716577534,-2.8877005347593574,-4.560606060606062,-4.550802139037433,-5.167557932263813,37.06984126984128,0
2008,5,-14.0625,-5.46875,-2.9375,-4.84375,-1.625,10.600000000000001,0
2008,5,-1.0420332355816129,-0.04985337243401666,-0.07429130009775164,3.2248289345063554,3.543499511241448,33.10952380952381,0
2008,1,3.96875,-1.75,-0.4375,-0.75,-1.40625,41.38095238095238,0
2008,1,-11.612903225806448,-1.5650048875855322,0.2052785923753646,-1.8406647116324528,-1.9237536656891496,59.166666666666664,0
2008,1,-10.46875,-2.75,2.40625,-2.9375,-1.90625,6.355555555555555,1
2008,-3,21.643382352941174,7.924632352941176,7.0625,6.4797794117647065,5.283088235294116,-15.622222222222224,1
2008,-11,-2.5826001955034172,0.2834799608993155,0.8416422287390013,0.3714565004887582,0.8944281524926687,-42.026984126984125,1
2008,4,-0.636363636363626,0.6969696969696955,-1.0303030303030312,-0.6666666666666643,-2.030303030303031,10.64920634920635,0
2008,7,9.989247311827967,-0.3802541544477016,0.5679374389051794,-5.0635386119257095,-3.287390029325513,22.266666666666666,1
2008,-11,8.338068181818187,-1.1657196969696972,3.7992424242424256,-0.3712121212121211,-0.6089015151515156,-45.87460317460317,1
2008,-4,8.373440285204993,1.7237076648841345,1.858288770053477,5.1559714795008915,0.5392156862745097,-15.688888888888886,1
2008,1,-4.181818181818173,0.45454545454545503,0.8181818181818201,2.90909090909091,2.1515151515151523,4.666666666666667,0
2008,2,-16.768382352941174,-4.049632352941176,-2.4375,-5.3547794117647065,-6.064338235294116,11.511111111111111,0
2008,-2,-1.3030303030302974,1.3333333333333321,-1.3333333333333357,-0.9696969696969688,-1.0303030303030312,-12.044444444444444,1
2008,9,-3.8592375366568916,-1.0772238514173988,-1.5532746823069417,-6.427174975562073,-4.226783968719452,25.866666666666667,0
2008,-1,4.827985739750446,1.3903743315508024,1.8279857397504458,4.368092691622103,0.7816399286987519,-5.066666666666666,1
2008,0,-7.524064171122987,-3.402852049910873,-2.0757575757575744,-3.9447415329768276,-3.9857397504456316,1.2666666666666666,1
2008,0,5.646167557932259,1.5115864527629235,3.2219251336898402,2.6105169340463448,-1.430481283422461,-0.577777777777778,1
2008,0,1.505347593582897,-1.8146167557932262,-0.25222816399286785,-1.974153297682708,1.2789661319073087,0.44444444444444464,1
2009,0,0.13900862068965125,-2.148706896551724,-0.08836206896551602,-3.1842672413793096,-4.122844827586206,26.17073170731709,0
2009,15,-2.3225806451612954,-1.882056451612904,-2.391129032258064,0.39717741935483986,-0.4314516129032242,188.8531165311653,0
2009,13,-8.129411764705878,-2.123529411764707,0.13921568627451109,-1.319607843137252,-1.8176470588235283,127.8639566395664,0
2009,9,-12.38823529411765,1.3686274509803908,-6.147058823529413,-0.4980392156862763,-0.21568627450980493,89.36585365853658,0
2009,1,-7.9090909090909065,-3.66969696969697,-1.918181818181818,-0.07272727272727053,0.018181818181817633,-2.3368686868686837,0
2009,-3,3.5767045454545467,-3.273674242424242,0.26420454545454675,1.975378787878789,1.2878787878787872,-13.80952380952381,0
2009,13,-0.3002028397565937,-0.7210953346855984,-1.8184584178498966,-3.3924949290060873,-2.4766734279918854,124.28997289972898,0
2009,-3,12.123991935483872,4.757056451612904,1.4596774193548399,3.924395161290324,1.574596774193548,-20.986449864498642,0
2009,-15,14.593993325917694,2.8142380422691886,-1.8153503893214662,0.8665183537263594,2.870967741935484,-144.84173441734418,1
2009,13,-12.248106060606062,2.0568181818181817,-3.3655303030303045,-6.489583333333332,-5.053977272727273,134.559891598916,0
2009,7,-1.6559714795008915,-1.0098039215686274,0.28966131907308323,2.865418894830661,3.121212121212121,53.19945799457995,0
2009,3,-6.172043010752688,-2.276637341153471,-2.7311827956989276,-4.4310850439882685,-2.1094819159335287,7.071428571428569,0
2009,-1,5.474798387096769,-3.400201612903226,2.692540322580644,-5.56048387096774,-3.199596774193548,-17.142857142857142,0
2009,-5,4.0,0.8181818181818183,-1.7575757575757578,-2.9393939393939377,-1.7878787878787872,-48.54525745257453,1
2009,11,-12.093841642228739,-2.6959921798631488,-1.7605083088954032,-7.853372434017597,-7.35483870967742,90.56476964769648,0
2009,-7,-7.490713587487775,-3.196480938416423,-0.2727272727272734,-6.708699902248291,-4.637341153470185,-57.2342597844583,0
2009,9,-4.909982174688054,-3.9153297682709454,1.0926916221033878,-3.351158645276289,-2.2005347593582876,39.56260162601626,0
2009,7,1.21875,3.34375,-4.34375,-0.0625,-1.09375,18.516165626772544,1
2009,-5,0.5757575757575779,-2.6969696969696972,-2.9090909090909065,2.6969696969696955,2.666666666666666,-29.122493224932246,1
2009,9,-16.39791666666666,-1.104166666666666,-6.206250000000001,-6.139583333333334,-4.510416666666668,52.595121951219504,1
2009,5,-4.867201426024948,-1.448306595365418,1.094474153297682,0.7905525846702304,-0.5552584670231724,41.53948896631823,1
2009,-11,-2.00833333333334,1.3270833333333325,2.345833333333335,0.8520833333333329,0.2979166666666657,-61.552303523035235,1
2009,-15,4.595643939393938,-0.9867424242424239,0.6117424242424256,-4.097537878787879,-4.509469696969697,-165.90352303523034,1
2009,-5,5.939393939393938,1.5151515151515156,-0.3939393939393945,6.242424242424242,3.9999999999999982,-19.258397932816536,1
2009,-13,1.170955882352942,3.8216911764705888,1.7610294117647065,3.6066176470588225,2.0588235294117645,-120.41680216802168,1
2009,11,-7.910750507099394,-2.788032454361055,1.1277890466531453,-4.6561866125760645,-1.8559837728194726,103.30623306233062,0
2009,-1,2.6363636363636402,-4.272727272727272,0.7272727272727266,1.09090909090909,2.3939393939393927,-3.966898954703833,1
2009,15,0.38407258064516725,-3.367943548387096,1.350806451612904,4.396169354838708,3.90625,115.77831978319783,0
2009,-1,-10.979166666666671,-4.150568181818182,-1.0056818181818166,-3.5265151515151523,-1.635416666666666,-19.030062393647196,0
2009,11,-16.748366013071887,-3.6982570806100217,-2.0087145969498934,-7.769063180827885,-4.5816993464052285,82.75934959349594,0
2009,-3,6.575757575757578,2.6060606060606055,-1.1818181818181834,-0.4242424242424221,1.2121212121212128,15.23809523809524,0
2009,-7,4.2305502846299845,1.778937381404175,3.00664136622391,3.3349146110056935,2.3880455407969645,-13.684552845528458,0
2009,9,1.3346774193548328,-0.256048387096774,-5.599798387096776,-7.744959677419356,-5.038306451612904,91.69068736141907,0
2009,-8,5.603830645161295,1.632056451612904,4.047379032258064,0.6653225806451601,-0.006048387096775798,-37.06507936507936,1
2009,-5,5.696078431372555,-0.8885918003565063,-1.3725490196078454,1.5347593582887704,2.3146167557932262,-28.192063492063497,1
2009,-8,6.703225806451613,-2.375268817204301,3.5,1.0397849462365585,0.8172043010752699,-66.53658536585365,1
2009,8,-2.604278074866315,-0.3752228163992868,-2.3983957219251337,-6.1114081996434955,-3.023172905525845,45.77777777777778,0
2009,7,-14.478005865102645,-1.5571847507331373,-1.5043988269794752,-4.329423264907135,-4.355816226783968,33.8,0
2009,8,-12.34375,-2.65625,-5.8125,-10.5,-5.96875,33.608672086720865,0
2009,1,-9.586452762923344,-5.444741532976828,-1.2896613190730832,-8.380570409982173,-5.818181818181817,-0.22222222222222143,1
2009,3,-0.5454545454545467,-0.7272727272727284,-3.6666666666666643,-7.09090909090909,-5.6060606060606055,1.799999999999999,0
2009,-1,7.21875,-0.46875,0.65625,-0.09375,0.53125,-20.097560975609753,1
2009,8,-9.609848484848484,1.6638257575757578,-2.600378787878789,-0.8399621212121211,-2.410037878787879,46.74742547425474,0
2009,-8,-3.7272727272727337,0.3939393939393945,1.606060606060609,-3.030303030303031,-2.3636363636363633,-44.63523035230352,1
2009,-8,3.5426136363636402,2.2717803030303028,0.8162878787878789,1.100378787878789,1.2121212121212128,-25.668253968253968,1
2009,3,-2.269162210338692,-0.9385026737967905,-0.4563279857397511,3.3270944741532986,3.5828877005347586,13.666666666666668,0
2009,7,3.411534701857292,-4.683284457478004,0.6197458455522984,4.525904203323556,4.727272727272727,26.665079365079364,0
2009,3,-11.42513368983957,-4.311051693404634,-3.9144385026737964,-5.418894830659536,-1.5918003565062389,6.222222222222223,0
2009,8,-7.987903225806448,-2.223790322580646,-6.148185483870968,-7.035282258064516,-3.877016129032258,14.17849223946785,0
2009,-4,7.969639468690701,4.54933586337761,3.9573055028462996,7.731499051233396,4.806451612903224,-12.8,1
2009,-1,-7.058823529411768,0.5882352941176467,1.9117647058823515,0.529411764705884,1.0,-5.666666666666667,0
2009,-3,5.334677419354833,2.711693548387096,-2.632056451612904,-5.583669354838708,-3.8125,-20.794949494949496,1
2009,-1,1.4839572192513373,1.1114081996434937,-1.9180035650623886,0.08021390374331361,-0.382352941176471,-8.933333333333334,0
2009,11,-1.7518939393939377,-1.4820075757575761,-2.6742424242424256,0.8787878787878789,2.3844696969696972,42.58644986449864,0
2009,1,5.21875,-1.875,1.875,-0.59375,0.53125,1.8888888888888893,0
2009,3,-10.587096774193554,-4.826881720430107,0.1774193548387082,-5.702150537634406,-5.53763440860215,10.622222222222222,0
2009,-1,-1.783088235294116,-0.610294117647058,0.2389705882352935,1.9797794117647065,2.3106617647058822,-3.0444444444444443,1
2009,-2,-3.7950664136622407,1.1963946869070217,4.5749525616698286,3.4962049335863377,2.571157495256166,-5.644444444444445,1
2009,-2,1.164222873900286,2.5620723362658833,-0.43792766373411496,-4.950146627565982,-5.0,-11.311111111111112,0
2009,-1,2.0331439393939377,-1.3929924242424239,0.48674242424242564,-4.191287878787879,-3.6969696969696972,-5.511111111111111,0
2009,-1,10.199596774193552,3.068548387096774,0.2600806451612918,-0.22076612903225978,2.089717741935484,-8.11111111111111,1
2009,-1,5.416330645161295,0.2570564516129039,3.578629032258064,2.97782258064516,1.8064516129032242,-5.777777777777778,0
2009,-2,12.841642228739005,2.981427174975561,2.1104594330400808,1.6627565982404668,1.870967741935484,-11.911111111111111,1
2009,1,-17.48084677419355,-1.224798387096774,-2.385080645161292,-2.62298387096774,-3.870967741935484,7.644444444444444,0
2010,0,1.83958333333333,-0.9729166666666664,0.8249999999999993,5.012499999999999,3.8249999999999993,37.54166666666666,1
2010,-11,-3.183179723502306,0.15783410138248755,2.0587557603686655,-2.1359447004608327,-1.0023041474654377,-82.51442307692308,1
2010,-7,-5.6875,-0.65625,-2.84375,0.96875,2.46875,-15.921568627450977,1
2010,-3,11.0,-3.0,3.0,2.757575757575758,3.8181818181818166,-36.4599358974359,1
2010,-15,6.639705882352942,2.7536764705882355,1.2757352941176485,0.4816176470588225,-0.023897058823528994,-174.9471153846154,1
2010,-13,6.002083333333331,4.779166666666667,-1.9624999999999986,2.7020833333333343,0.31666666666666643,-125.76602564102565,1
2010,15,-10.204991087344027,-1.6274509803921582,-3.3921568627450966,-2.865418894830661,-2.3253119429590026,151.65384615384616,0
2010,9,-1.4546370967741922,1.258064516129032,-0.9112903225806441,-3.391129032258064,-3.04032258064516,29.988782051282048,1
2010,11,-7.188087774294672,-4.45350052246604,-1.8944618599791028,-7.264367816091951,-4.059561128526644,83.91826923076923,0
2010,1,-9.4375,0.0,-1.25,0.28125,0.8125,-12.836734693877553,1
2010,-11,-0.19875222816398264,-1.715686274509805,-1.6559714795008915,-3.682709447415327,-3.114973262032086,-94.51960784313725,0
2010,-5,8.5,-3.852941176470587,0.3235294117647065,4.4117647058823515,4.558823529411766,-7.173044217687071,0
2010,-3,-9.505882352941171,-1.833333333333334,-1.8333333333333321,-0.4529411764705884,-1.5862745098039213,4.102040816326529,0
2010,5,-3.829912023460409,1.4017595307917894,-1.2903225806451601,0.8582600195503396,-0.6295210166177903,17.662307692307692,0
2010,13,-14.048387096774192,-1.6252371916508537,-2.380455407969638,-1.629032258064516,-3.4070208728652744,154.87339743589743,0
2010,-1,8.276907001044933,0.31870428422152486,0.005224660397072256,1.05433646812957,0.03552769070010342,-25.816326530612244,0
2010,-5,-6.848484848484844,-3.2727272727272734,-3.333333333333332,-6.363636363636363,-4.393939393939393,-2.9107142857142847,0
2010,-1,1.6259469696969688,-2.9839015151515156,1.8664772727272734,-1.0179924242424256,0.38825757575757613,-11.293367346938773,1
2010,7,10.231237322515213,-0.7535496957403645,-2.886409736308316,0.7951318458417855,1.244421906693713,37.05729984301412,1
2010,15,-13.564338235294116,-2.023897058823529,1.1838235294117645,2.9889705882352935,-0.2867647058823515,225.34935897435898,0
2010,3,-1.7973484848484844,3.5719696969696972,0.6704545454545467,0.8541666666666679,-0.9659090909090917,0.5510204081632679,1
2010,1,-9.032258064516128,2.161290322580646,-2.06451612903226,-6.032258064516132,-4.451612903225808,-2.5818327330932362,0
2010,9,-0.4484848484848527,0.34242424242424185,-4.34242424242424,0.9757575757575765,0.4121212121212121,84.13141025641025,0
2010,-7,-5.875,3.125,0.46875,-1.75,-1.625,-62.61858974358975,1
2010,-3,-4.272177419354833,-0.0010080645161298918,1.3034274193548399,-0.13608870967741993,-1.512096774193548,-0.9183673469387763,0
2010,-13,6.663865546218489,0.1953781512605044,0.5252100840336134,-4.2773109243697505,-2.806722689075631,-107.83974358974359,1
2010,11,7.125,1.28125,-0.46875,1.375,1.4375,71.42628205128206,0
2010,-9,-4.360795454545453,-2.5331439393939394,-2.4876893939393945,-1.3285984848484844,0.3664772727272734,-39.44551282051282,1
2010,-15,10.851102941176464,-0.139705882352942,1.178308823529413,-5.2775735294117645,-4.022058823529413,-128.12980769230768,1
2010,-7,-2.349951124144681,1.6911045943303993,-0.6392961876832821,10.139784946236556,5.077223851417399,-16.68107242897159,1
2010,13,3.780303030303031,-0.15909090909091006,2.103535353535353,4.507575757575758,3.3207070707070727,127.21794871794873,0
2010,-9,-1.5464320625610952,-1.7732160312805476,-1.2619745845552295,-6.7781036168132935,-3.508308895405669,-62.70512820512821,1
2010,5,-7.119485294117652,-1.7058823529411757,-3.211397058823529,-6.033088235294116,-4.522058823529411,21.75042517006803,0
2010,-8,9.180265654648949,-3.0123339658444017,2.481024667931692,3.553130929791269,4.148956356736244,-30.55608974358974,1
2010,-8,-6.0,-2.75,-0.65625,0.8125,1.65625,-38.95220588235294,1
2010,5,3.137310606060609,-5.130681818181818,2.850378787878789,-7.953598484848484,-2.5530303030303045,7.5769230769230775,0
2010,-8,6.269776876267741,-0.32657200811359033,-0.1480730223123743,0.8894523326571999,1.0578093306288032,-44.28649921507064,1
2010,-8,18.452205882352942,3.4099264705882355,4.6507352941176485,6.6066176470588225,3.663602941176471,-25.884615384615383,0
2010,8,-3.748387096774195,-2.586021505376344,0.18817204301075208,-7.529032258064515,-5.3795698924731195,20.01923076923077,1
2010,8,-0.1951871657754083,-0.3449197860962556,0.352941176470587,2.1675579322638114,2.9634581105169353,86.27564102564102,0
2010,-8,-3.1515151515151416,-0.30303030303030276,0.6363636363636367,0.4242424242424221,-1.0303030303030312,-14.10576923076923,0
2010,8,7.688542825361509,0.5339265850945498,0.4949944382647402,-0.9543937708565053,-0.75083426028921,36.364992150706435,1
2010,7,-0.0008912655971471395,-3.1327985739750446,-0.16844919786096213,-2.247771836007132,-1.8360071301247753,24.182692307692307,0
2010,-1,6.641666666666666,-0.9645833333333336,0.2666666666666657,0.33958333333333357,1.1020833333333329,-5.596153846153847,0
2010,8,-1.7201426024955424,4.6087344028520505,2.1631016042780757,2.3725490196078454,0.6443850267379663,26.040423861852435,0
2010,-1,-0.1320564516128968,-1.496975806451612,-1.5453629032258078,-4.650201612903224,-1.680443548387096,-7.090120663650076,1
2010,7,-3.952620967741936,-1.544354838709678,1.32358870967742,5.186491935483872,3.342741935483872,30.937405731523377,0
2010,8,4.592803030303031,-2.607007575757576,-0.3513257575757578,-1.4611742424242422,-0.3598484848484844,26.62951334379906,0
2010,-3,-11.9375,-0.1875,-2.6875,-2.53125,-2.21875,-2.9050235478806883,0
2010,4,-11.375,-2.875,-2.4375,2.15625,3.28125,14.09426847662142,1
2010,-4,-0.5625,2.8125,-3.65625,5.40625,2.375,-16.07810047095761,1
2010,11,-4.062880324543613,-4.0182555780933065,-3.886409736308316,-9.234279918864097,-5.4026369168357,48.98037676609105,0
2010,9,6.818181818181813,-2.0606060606060606,2.121212121212121,3.666666666666668,3.3636363636363633,28.009615384615387,0
2010,-7,-2.0903225806451644,1.36021505376344,0.6182795698924757,2.335483870967739,1.1215053763440874,-20.076923076923077,1
2010,-3,6.876838235294116,4.211397058823529,1.5349264705882355,0.6672794117647065,1.3180147058823515,-8.153846153846153,1
2010,-4,9.3125,4.0,2.5625,2.40625,0.3125,-3.8269230769230766,1
2010,-4,0.5989304812834177,-2.63903743315508,-0.617647058823529,-2.008912655971482,-0.9777183600713002,-9.23076923076923,0
2010,3,-9.375,-6.0625,-0.34375,-6.53125,-2.34375,10.959653092006032,1
2010,-1,6.265597147950089,-1.2816399286987519,4.301247771836007,3.1987522281639933,1.7798573975044576,-2.2692307692307687,0
2010,2,-1.2609108159392832,-2.424098671726755,2.0104364326375723,-1.8880455407969663,-2.0569259962049316,8.48076923076923,0
2010,-1,-1.0113636363636402,1.8039772727272734,0.5,-0.7092803030303045,-0.2111742424242422,2.6153846153846168,1
2010,0,-2.53125,-4.28125,-1.90625,3.34375,3.875,-5.2711161387631975,1
2010,-1,5.000891265597147,-0.9581105169340471,1.6836007130124777,0.5811051693404643,1.926916221033867,-2.1730769230769225,1
2010,4,-7.876838235294116,-5.367647058823529,-0.8474264705882355,1.1139705882352935,0.4944852941176485,14.459653092006032,0
2011,0,-0.6500000000000057,-0.03125,-1.0625,3.789583333333333,2.179166666666667,-9.122448979591837,1
2011,0,-5.520376175548591,-1.041797283176594,-1.0940438871473326,-0.9676071055381392,-0.8119122257053277,43.20408163265307,0
2011,0,-8.920258620689651,2.967672413793103,-1.7877155172413808,1.7726293103448292,-1.4418103448275872,74.0408163265306,0
2011,0,-4.68092691622104,-0.760249554367201,2.760249554367199,-1.73885918003565,-2.4901960784313726,-6.816326530612244,0
2011,-1,6.635386119257092,-4.613880742913,-0.6324535679374357,1.4516129032258078,2.3401759530791786,12.938775510204081,1
2011,-11,7.454545454545453,0.3939393939393945,5.575757575757574,0.9696969696969688,2.212121212121213,-90.31318681318682,1
2011,-5,-11.874053030303031,0.9346590909090917,0.17045454545454675,-0.3560606060606055,-1.7575757575757578,-11.662040816326527,1
2011,11,-2.642424242424255,-6.277056277056277,0.8268398268398265,-1.9012987012987033,-0.8441558441558445,73.93995290423861,0
2011,-13,3.6833855799373083,4.3667711598746095,0.45872518286311603,1.0783699059561158,-1.1661442006269596,-132.56828885400313,1
2011,5,5.8125,0.5625,4.03125,-0.875,0.5,11.765490196078431,1
2011,-7,1.4284274193548328,4.05141129032258,-3.495967741935484,1.7318548387096762,-0.7842741935483879,8.01923076923077,1
2011,-9,6.924242424242422,2.324242424242424,1.2666666666666657,1.8090909090909086,0.9848484848484844,-55.907378335949765,1
2011,-9,6.4819734345351065,-1.1859582542694493,0.8092979127134718,-3.80360531309298,-2.7125237191650857,-80.86342229199371,0
2011,-15,2.2693965517241423,2.873922413793103,2.380387931034484,0.3297413793103452,-0.4482758620689644,-149.44466248037676,1
2011,7,-6.035650623885928,-1.8199643493761144,-1.9429590017825333,-6.666666666666668,-5.98306595365419,5.619047619047617,1
2011,13,0.003232758620683285,-0.8006465517241388,-0.8943965517241388,4.792025862068964,5.040948275862068,115.30926216640502,0
2011,3,-7.907196969696969,-1.0615530303030312,-3.4564393939393945,-3.3844696969696955,-1.8380681818181817,17.265306122448976,0
2011,3,-1.84375,0.125,-0.15625,-2.65625,-1.53125,2.2040816326530646,0
2011,7,-1.2983870967741922,-2.918346774193548,0.4052419354838719,-1.9243951612903238,-1.622983870967742,17.8687474989996,0
2011,9,12.159392789373825,2.539848197343453,1.748576850094878,7.291271347248577,4.0540796963946875,20.02040816326531,0
2011,-7,4.5,-1.6764705882352935,0.588235294117645,1.5,2.6176470588235308,-36.55846153846154,1
2011,-15,14.155597722960152,1.1973434535104364,1.48671726755218,-1.1394686907020883,1.5654648956356745,-159.34733124018837,1
2011,3,0.709677419354847,0.22580645161290214,2.9354838709677438,-3.258064516129032,-3.161290322580646,13.297719087635056,1
2011,-1,0.625,-1.65625,-0.375,-2.03125,-3.0,-4.0204081632653015,1
2011,1,-0.625,-1.03125,0.65625,-5.71875,-3.3125,13.604489795918365,1
2011,15,-17.17647058823529,0.3235294117647065,-2.882352941176471,-3.323529411764703,-1.264705882352942,152.75863422291994,0
2011,5,3.4753320683112037,2.1859582542694493,-1.4639468690702095,1.5379506641366234,-0.28273244781783546,11.634653861544617,1
2011,-1,-5.13636363636364,-5.816287878787879,-0.5596590909090899,-8.035984848484848,-5.2310606060606055,-6.734693877551017,1
2011,13,5.927083333333329,0.28693181818181834,-0.9583333333333321,6.892045454545453,4.0189393939393945,75.66640502354788,0
2011,13,-6.029411764705884,-0.8786764705882355,-1.7941176470588225,-6.202205882352942,-4.806985294117647,108.87755102040816,0
2011,-15,6.605476673428001,0.8610547667342789,-0.7748478701825583,-1.7292089249492868,-1.5557809330628807,-203.57339089481948,1
2011,-11,11.262310606060609,-0.3323863636363633,-0.23674242424242564,-0.6619318181818166,0.9498106060606055,-109.44270015698588,1
2011,11,-7.762310606060609,-2.0748106060606055,-0.8361742424242422,-0.23579545454545325,0.9214015151515156,91.78963893249608,0
2011,9,10.179144385026746,-1.3395721925133692,-0.402852049910873,-1.0543672014260252,1.0686274509803901,52.53689167974882,0
2011,-5,-0.4971537001897559,-0.8472485768500952,2.5569259962049316,-2.714421252371917,-1.7267552182163186,-46.075102040816326,0
2011,3,-14.702651515151516,-1.6553030303030312,0.04071969696969546,-0.6893939393939377,0.12405303030303116,25.04552590266876,0
2011,7,-1.578629032258064,-3.347782258064516,-1.5917338709677402,-2.360887096774192,-0.38709677419354804,39.852825745682885,1
2011,-8,5.397727272727266,-0.01420454545454497,1.125,0.6931818181818166,0.4375,-31.924615384615386,1
2011,3,-4.430303030303037,-1.337662337662337,-2.5974025974025956,0.7653679653679646,-1.329004329004329,9.420769230769231,0
2011,-5,1.5767045454545467,1.2784090909090917,-0.9820075757575744,-2.8181818181818166,-2.264204545454545,-28.915227629513346,1
2011,-1,6.87585532746823,-2.2961876832844563,2.967741935483872,-1.0048875855327495,-0.4506353861192576,-10.630467571644044,1
2011,1,-1.3055028462998024,4.715370018975332,-0.9563567362428849,3.774193548387096,2.3007590132827325,59.3469387755102,0
2011,-5,0.09375,1.5625,-0.375,-1.03125,-0.59375,-25.145996860282573,1
2011,1,4.516129032258064,4.096774193548386,1.612903225806452,9.387096774193546,3.516129032258064,12.23076923076923,0
2011,1,1.617647058823536,-3.382352941176471,-2.529411764705884,-1.411764705882355,1.5,13.19230769230769,1
2011,-7,15.558823529411768,4.231617647058824,2.439338235294116,7.6286764705882355,6.4485294117647065,-40.469780219780226,1
2011,8,-6.677419354838705,1.514112903225806,0.5806451612903238,-3.08266129032258,-3.557459677419354,36.59183673469388,1
2011,8,-11.101102941176464,-1.4577205882352935,-2.288602941176471,-7.2867647058823515,-4.1911764705882355,35.16679748822606,0
2011,8,2.482174688057043,-0.19429590017825227,-1.4483065953654197,4.986631016042782,4.103386809269164,29.952904238618526,1
2011,-5,-6.848484848484844,0.1515151515151505,3.0303030303030276,2.606060606060609,1.6363636363636367,-15.192307692307692,1
2011,7,-3.744485294117652,-0.6121323529411757,1.2058823529411775,0.439338235294116,-0.01102941176470651,27.940737833594977,0
2011,-8,1.126838235294116,0.11948529411764675,3.0992647058823515,-0.461397058823529,-0.4797794117647065,-58.5243328100471,0
2011,4,-4.529411764705884,-1.882352941176471,-1.7941176470588225,1.352941176470587,0.9411764705882355,18.288461538461537,1
2011,4,4.290322580645167,0.32258064516129004,2.5483870967741957,6.419354838709678,3.225806451612904,30.448979591836732,1
2011,1,2.3687500000000057,1.8348214285714288,0.45535714285714235,1.97232142857143,2.508928571428571,7.634615384615385,1
2011,1,9.72727272727272,-1.6363636363636367,2.5757575757575744,3.636363636363633,4.545454545454545,-7.5,0
2011,-11,12.205882352941174,2.617647058823529,2.764705882352942,5.4117647058823515,3.5,-33.22802197802198,1
2011,3,-0.66399286987523,0.885026737967916,2.7058823529411775,0.5463458110516903,0.6613190730837779,10.788461538461538,1
2011,9,-0.5784313725490193,-1.7700534759358284,-4.53921568627451,1.8957219251336888,1.982174688057043,29.29905808477237,0
2011,-1,-2.2068311195445887,1.5398481973434528,5.492409867172675,0.7371916508538909,-0.6622390891840606,-24.163265306122447,0
2011,6,0.9384164222873892,-2.2199413489736077,-0.35972629521016586,1.2697947214076244,2.158357771260997,29.83359497645212,1
2011,2,3.1294117647058783,-4.016806722689076,-0.9663865546218489,3.1655462184873926,2.193277310924371,8.94230769230769,0
2011,2,-0.24242424242424931,-2.09090909090909,-2.333333333333332,-1.9696969696969724,-0.1212121212121211,0.2692307692307683,1
2011,-10,10.85294117647058,0.7647058823529402,5.7941176470588225,2.7941176470588225,1.117647058823529,-66.69740973312402,0
2011,-3,0.9544592030360519,-0.04079696394686927,2.9762808349146113,0.8339658444022788,0.7893738140417454,-23.306122448979593,1
2011,-1,-3.0242424242424164,2.337662337662337,-0.8571428571428577,-0.9471861471861445,0.08658008658008676,0.8653846153846168,1
2011,5,-0.9161290322580697,-3.557603686635945,-1.0783410138248826,0.8230414746543779,0.04147465437788078,32.42974882260596,0
2012,0,-4.8951612903225765,0.02520161290322598,3.128024193548388,3.001008064516128,1.987903225806452,-10.913793103448278,1
2012,0,3.848484848484844,0.7272727272727266,0.4848484848484844,-1.5151515151515156,-1.9393939393939394,13.5,0
2012,0,12.854166666666671,-0.40530303030303116,1.59659090909091,2.3125,2.3380681818181817,-25.948275862068968,0
2012,0,5.389705882352942,2.9099264705882355,0.9558823529411775,4.2849264705882355,2.742647058823529,-20.82758620689654,0
2012,-11,-2.1022727272727337,1.964962121212121,0.03409090909091006,-1.8882575757575744,-0.9176136363636367,-46.24590163934426,1
2012,5,-9.65625,-1.75,-1.0,1.5,1.09375,42.62436404748445,1
2012,-3,2.342741935483872,-4.03225806451613,2.786290322580644,2.555443548387096,2.80342741935484,-25.051724137931032,1
2012,-9,-0.12121212121212466,-3.666666666666668,-1.4242424242424256,-5.060606060606062,-0.9090909090909101,-51.436970039570376,1
2012,1,-4.339015151515156,1.489583333333334,-0.3598484848484844,-2.195075757575758,-1.8352272727272734,8.879310344827587,0
2012,-1,0.6774193548387188,0.5161290322580658,0.5806451612903203,0.7741935483870996,-1.129032258064516,-21.172413793103452,1
2012,-15,11.615864527629228,-0.015151515151515582,3.2237076648841345,0.31461675579322446,0.8395721925133675,-184.1498021481063,1
2012,9,8.526267281106001,-0.8525345622119804,1.1400921658986185,0.595391705069126,2.1594470046082943,43.67863199547767,0
2012,11,2.4173387096774235,-1.006048387096774,3.096774193548388,-1.9052419354838719,-1.637096774193548,31.209723007348785,0
2012,5,-3.18202764976958,-2.4493087557603683,0.5218894009216584,-2.2292626728110605,-0.7258064516129039,39.12634256642171,0
2012,7,1.2116935483871032,0.19657258064516192,-2.14516129032258,2.494959677419356,0.8125,24.579423403052573,0
2012,13,-7.170955882352942,1.398897058823529,-2.9963235294117645,2.007352941176471,1.858455882352942,100.0799886941775,0
2012,-15,-3.9575757575757535,2.127272727272727,-0.12727272727272876,-7.851515151515152,-7.56969696969697,-110.90559638213679,1
2012,7,-8.520872865275152,1.479127134724859,-5.673624288425049,1.020872865275141,-0.5702087286527515,31.074137931034485,1
2012,7,-7.842799188640967,-1.8600405679513194,0.2616632860040582,-1.0182555780933065,0.35395537525355003,21.13753820505696,0
2012,9,7.36259143155695,-0.9383490073145246,0.04702194357366807,4.861024033437825,3.1421107628004172,65.3151498021481,0
2012,-5,-4.560606060606062,0.07575757575757613,-0.051693404634580276,-6.894830659536542,-6.61319073083779,-7.913793103448278,1
2012,1,-15.092803030303031,1.2973484848484844,-2.2613636363636367,-2.4820075757575744,-2.131628787878787,15.051149425287356,0
2012,-3,13.20821114369501,3.357771260997067,-0.6901270772238526,1.2619745845552295,0.6783968719452584,-13.402298850574713,1
2012,-11,-0.34408602150537604,0.27956989247311803,0.739980449657871,-3.0899315738025415,-3.460410557184751,-48.828434143583934,1
2012,11,12.960606060606054,0.21515151515151487,-0.24545454545454604,1.8939393939393945,2.257575757575758,26.457603165630303,0
2012,13,-4.151515151515156,0.6060606060606055,-4.212121212121215,1.5151515151515156,2.1212121212121193,110.75551158846805,0
2012,-13,1.8901515151515156,1.0653409090909083,-0.05208333333333215,3.8910984848484844,1.160037878787879,-76.54522328999435,0
2012,15,9.73172905525847,0.1434937611408209,0.4928698752228158,7.339572192513369,6.084670231729055,119.7600339174675,0
2012,5,3.2533206831119514,1.6631878557874753,-1.0673624288425039,0.5740037950664139,0.5151802656546476,12.239400791407576,1
2012,-13,10.731617647058826,-2.0110294117647065,-1.908088235294116,-2.779411764705884,0.4650735294117645,-153.35698134539288,0
2012,-15,14.735294117647058,4.617647058823529,5.0882352941176485,4.735294117647058,2.0294117647058805,-131.96014697569248,1
2012,-9,-3.462121212121218,-4.196969696969697,0.5482954545454533,-5.84659090909091,-3.367424242424242,-39.504522328999435,0
2012,3,-1.6181818181818102,-0.1606060606060602,-3.009090909090908,-1.7424242424242422,-2.787878787878787,8.502543810062178,1
2012,7,-17.219758064516128,-0.14112903225806406,-1.203629032258064,-3.02217741935484,-2.317540322580646,33.716247808299244,1
2012,-1,6.197343453510442,-0.7552182163187862,2.4250474383301714,3.8140417457305524,2.845351043643264,-11.836645236703681,0
2012,-3,-4.303030303030297,-0.5757575757575744,-1.8181818181818166,-2.5151515151515156,-1.4242424242424239,-17.775862068965516,0
2012,-8,7.991477272727266,2.558712121212121,-1.34090909090909,-1.8257575757575744,0.08238636363636331,-58.6079706048615,1
2012,-8,8.890374331550802,-1.5944741532976838,2.8270944741532986,3.7308377896613187,4.380570409982173,-31.109383832673828,1
2012,7,-3.48897058823529,-1.65625,-0.742647058823529,-1.180147058823529,-1.7316176470588225,31.33945732052007,0
2012,-1,-3.733928571428578,2.0491071428571423,-1.4142857142857146,-0.22946428571428612,-0.7017857142857142,-2.081967213114755,1
2012,-3,1.7232142857142918,1.1696428571428577,1.3928571428571423,-0.0982142857142847,-0.25,-11.721311475409836,1
2012,5,-0.7969639468690701,-0.9146110056926009,1.1024667931688796,3.656546489563567,2.974383301707782,18.85585076314302,0
2012,7,-3.156402737047898,1.4985337243401773,0.4261974584555226,5.216031280547412,3.001955034213097,26.802148106274732,0
2012,1,9.032976827094473,0.714795008912656,0.026737967914439054,5.05169340463458,2.8226381461675576,6.131147540983607,0
2012,3,-1.8333333333333286,1.833333333333334,-2.3244206773618536,-1.8645276292335105,-2.4010695187165787,14.50084793668739,1
2012,-8,6.710227272727266,0.26704545454545503,-1.2405303030303045,-4.810606060606062,-2.1089015151515156,-135.59195402298852,1
2012,-8,2.848484848484844,-0.15151515151515227,4.030303030303031,2.787878787878789,2.8181818181818183,-31.945166760881854,1
2012,-8,3.0502846299810216,1.509487666034154,3.748576850094878,2.4316888045540814,1.3747628083491463,-24.001413227812325,1
2012,-8,-4.949019607843127,-0.8470588235294105,0.0039215686274509665,0.09803921568627416,-0.1764705882352935,-29.354154889768232,0
2012,7,-1.9402852049910848,-6.161319073083778,-2.7459893048128343,-3.218360071301248,-1.1238859180035643,17.753825136612022,0
2012,1,11.399621212121218,2.3219696969696972,-1.7670454545454533,4.22159090909091,2.398674242424242,-3.0,1
2012,5,4.837121212121218,-0.004734848484847731,-0.8570075757575744,-1.0426136363636367,1.052083333333334,28.810344827586214,0
2012,4,0.33522727272726627,-0.35795454545454497,-0.30303030303030454,-4.998106060606062,-3.7651515151515156,9.945355191256832,1
2012,3,-3.318487394957984,1.4075630252100844,-1.1789915966386566,-0.09159663865546364,-0.3084033613445385,13.426229508196723,1
2012,4,-6.264705882352942,1.617647058823529,-2.352941176470587,-3.588235294117645,-3.5,29.304126625211982,0
2012,-3,10.696969696969703,3.0303030303030294,-1.4848484848484844,2.6060606060606055,1.0,-10.918032786885245,1
2012,-7,3.4848484848484844,1.2727272727272734,-1.6666666666666643,-2.212121212121211,-0.30303030303030276,-45.52176370830978,1
2012,-9,1.6479500891265673,-1.0258467023172901,0.7584670231729049,1.8101604278074888,1.0204991087344037,-41.92792538157151,1
2012,3,0.5962566844919763,-1.7121212121212128,-2.496434937611408,2.2308377896613187,2.645276292335115,11.885245901639344,0
2012,-12,11.758467023172898,2.9795008912655963,7.836898395721924,3.8850267379679124,2.6693404634581093,-56.02911249293386,1
2012,3,7.444155844155844,-1.6883116883116873,-1.38874458874459,-2.174891774891776,-1.0008658008658013,5.879781420765028,0
2012,1,0.1889483065953641,-0.8449197860962556,2.452762923351159,2.2691622103386813,1.7049910873440268,1.7049180327868854,1
2012,1,-6.940285204991085,-4.555258467023172,-3.594474153297682,-2.2486631016042757,-1.2147950089126542,1.3770491803278686,1
2012,2,-2.4037433155080237,-0.3787878787878789,-2.708556149732619,-2.1934046345811034,-0.9304812834224592,10.524590163934425,0
2012,0,0.26559714795008915,-0.7611408199643499,0.7290552584670245,1.4278074866310178,0.9616755793226393,0.3934426229508192,1
2012,-3,7.847899159663868,-0.6428571428571423,1.5319327731092436,1.5033613445378151,1.8084033613445367,-16.557377049180328,1
2012,1,-1.6461675579322588,-1.378787878787879,-0.82976827094474,-0.07219251336898225,-0.5971479500891252,4.377049180327869,0
2013,0,5.757352941176471,-0.5845588235294112,0.3713235294117645,-1.6617647058823515,0.5128676470588243,43.56140350877192,0
2013,0,-3.6325757575757507,0.21401515151515227,-0.20833333333333215,2.4119318181818166,0.9119318181818183,12.307422559906492,0
2013,0,-14.278074866310163,-1.7878787878787872,-0.900178253119428,-5.440285204991085,-3.526737967914439,4.596491228070164,1
2013,0,-1.3643678160919563,-0.37586206896551744,1.6068965517241374,0.5551724137931018,0.5988505747126425,-4.560193587416819,0
2013,-5,-3.6187500000000057,2.164583333333333,1.8854166666666679,2.679166666666667,2.229166666666666,-21.270209157716227,1
2013,5,-1.174242424242422,-2.5748106060606055,2.246212121212121,-0.9895833333333321,0.4375,21.843617664851784,0
2013,7,-3.5425219941349013,-0.7898338220918877,-1.865102639296186,-3.1065493646138798,-1.8563049853372426,23.739564428312157,1
2013,-1,-3.98435972629521,0.7546432062561088,-2.2111436950146626,3.5366568914956034,1.8641251221896376,-3.0,1
2013,-15,10.22629310344827,2.6411637931034484,-0.09913793103448398,1.1271551724137936,1.3135775862068968,-171.85792349726776,1
2013,11,1.4847494553376919,-2.234204793028323,-3.889978213507625,0.027233115468408897,0.059912854030500284,90.06643658326142,1
2013,-15,11.941176470588239,2.9705882352941178,-0.5588235294117645,0.11764705882353255,1.3235294117647083,-221.67615760713258,1
2013,11,4.09375,-2.484879032258064,0.9858870967741922,-1.179435483870968,0.7590725806451619,42.25798101811907,0
2013,-5,0.9779411764705941,0.327205882352942,0.654411764705884,1.446691176470587,-0.3474264705882355,-7.355098638510697,1
2013,-9,1.7298387096774235,1.432459677419354,-0.4616935483870961,-1.8225806451612918,-2.442540322580646,-76.74288179465056,1
2013,-11,-3.96875,2.34375,1.28125,-1.65625,-1.75,-48.80212827149842,1
2013,-7,0.639705882352942,-1.360294117647058,0.3547794117647065,0.7941176470588225,1.485294117647058,-14.229508196721309,0
2013,9,-0.6969696969697026,2.757575757575756,1.575757575757578,1.696969696969699,0.0,57.57233247052057,0
2013,9,-0.8600985221674904,-7.163546798029556,-0.7517241379310349,0.26206896551724057,2.0857142857142854,92.60627473148672,0
2013,7,-5.388045540796966,-0.8500948766603411,3.8330170777988606,1.8472485768500917,0.06925996204933504,27.749033600951535,0
2013,-1,0.15257352941176805,-0.20955882352941124,-2.8878676470588225,0.305147058823529,-0.2702205882352935,-15.637931034482762,0
2013,3,-8.745989304812824,5.95187165775401,-1.1871657754010698,3.141711229946523,0.25044563279857357,18.096551724137928,0
2013,13,-13.869485294117652,0.19669117647058876,-0.420955882352942,-1.538602941176471,-1.079044117647058,129.12424503882656,0
2013,13,7.76310483870968,2.461693548387096,1.0403225806451601,1.1350806451612918,0.5715725806451619,103.10928961748634,1
2013,-11,-6.326599326599322,-3.121212121212121,0.03367003367003463,-9.232323232323232,-6.515151515151514,-102.62899050905953,1
2013,3,-0.48011363636364024,-0.25473484848484773,4.170454545454547,4.37784090909091,2.3143939393939394,2.5172413793103416,0
2013,-15,14.82352941176471,2.454545454545455,3.4456327985739748,4.894830659536542,4.557040998217467,-172.0106413574921,1
2013,3,9.283422459893046,1.1550802139037444,1.3368983957219243,2.2361853832442087,2.04812834224599,12.574137931034485,1
2013,-15,8.382352941176464,-0.9411764705882355,4.382352941176471,1.5,2.1764705882352935,-159.0891573195283,1
2013,-9,-3.7666666666666657,3.293939393939395,-0.32727272727272805,0.05151515151515085,-0.8515151515151516,-33.294506758700024,0
2013,-13,3.0653409090909065,0.6240530303030312,3.5710227272727266,-0.7547348484848477,-0.9678030303030312,-99.127121081392,1
2013,5,-6.297794117647058,4.0827205882352935,-1.533088235294116,2.564338235294116,0.9981617647058822,1.6126436781609215,1
2013,7,12.35294117647058,1.5882352941176467,0.47058823529411953,7.647058823529413,6.088235294117647,15.298138371769937,1
2013,-1,8.744318181818187,2.5407196969696972,0.18276515151515227,-8.19034090909091,-6.786931818181818,-25.7183908045977,1
2013,13,11.393939393939405,0.8787878787878789,-0.33333333333333215,1.3636363636363633,2.666666666666666,96.39746908254243,0
2013,3,2.8623655913978467,1.1032258064516114,-1.0279569892473113,0.6053763440860216,2.00537634408602,12.56896551724138,0
2013,-1,4.779411764705884,0.0974264705882355,2.288602941176471,2.6286764705882355,0.90625,-17.586206896551722,0
2013,-8,4.355324074074076,4.383101851851852,2.755787037037038,-2.8912037037037024,-1.5856481481481488,-82.7057808455565,1
2013,7,-1.300759013282729,0.8339658444022771,1.633776091081593,1.825426944971536,1.228652751423148,26.080271339739966,0
2013,3,-0.5757575757575779,0.08993157380254146,1.427174975562071,-1.4086021505376358,-1.709677419354838,12.659977388355003,0
2013,-1,-2.94852941176471,-3.288602941176471,3.3713235294117645,-2.5882352941176485,-1.663602941176471,-10.011392053348152,1
2013,3,8.352941176470594,0.983455882352942,0.341911764705884,2.446691176470587,0.7775735294117645,9.295081967213115,0
2013,8,3.0383244206773554,3.204991087344027,1.358288770053477,-0.8850267379679124,-0.5383244206773625,20.901639344262293,1
2013,8,-3.7944700460829495,-3.5751152073732726,2.0258064516129046,-2.8580645161290334,-1.0433179723502306,39.173425366695426,0
2013,-8,7.371323529411768,-1.6783088235294112,0.3308823529411775,2.555147058823529,2.2922794117647065,-31.16252119841719,0
2013,5,-2.898897058823536,-1.2444852941176467,2.6672794117647065,-3.9797794117647065,-2.579044117647058,15.529508196721313,0
2013,8,4.077083333333334,0.8874999999999993,-1.1166666666666671,-0.4208333333333343,-0.5520833333333339,79.23563218390805,1
2013,-8,3.1988636363636402,-4.360795454545455,0.5776515151515156,-6.714962121212121,-4.650568181818182,-27.666195590729227,1
2013,-8,7.25,1.110795454545455,3.0577651515151523,4.611742424242426,3.8456439393939377,-44.59836065573771,1
2013,-7,-0.7994652406417231,-2.7263814616755795,2.9955436720142607,3.90909090909091,3.9358288770053473,-22.177784058790277,1
2013,1,-5.449019607843127,-2.988235294117647,-4.047058823529412,-6.28235294117647,-3.3098039215686264,18.898007731192386,1
2013,5,-1.2727272727272663,1.8181818181818166,-4.272727272727273,-1.0606060606060623,0.09090909090909172,34.18852459016394,0
2013,8,10.333333333333343,1.6060606060606073,1.6363636363636367,1.1515151515151523,1.545454545454545,33.060203504804974,0
2013,1,-0.9090909090909065,1.485826001955033,-2.275659824046919,2.5904203323558157,2.7399804496578692,12.114754098360654,1
2013,4,3.9782196969697026,0.8645833333333339,-0.09943181818181657,1.933712121212121,2.4715909090909083,12.39344262295082,0
2013,-3,8.657142857142858,-2.0883116883116877,1.951515151515153,4.824242424242424,5.025108225108223,-10.819672131147541,0
2013,4,2.992156862745105,-3.0470588235294116,-3.694117647058821,-1.7823529411764696,-0.30980392156862635,18.853297035692677,0
2013,-1,10.78125,-1.625,-1.03125,2.25,2.0625,-6.40983606557377,1
2013,12,0.7073863636363598,1.142045454545455,0.23484848484848442,3.933712121212121,2.4630681818181817,105.45355191256832,0
2013,-11,1.82352941176471,1.382352941176471,-1.2941176470588225,0.3235294117647065,0.264705882352942,-34.67213114754098,1
2013,-3,1.007352941176464,0.37683823529411775,3.834558823529413,5.5,4.398897058823529,-8.065573770491802,0
2013,-1,-2.3428571428571416,-3.0267281105990786,-0.7483870967741915,1.1419354838709666,1.7953917050691235,6.704918032786884,0
2013,-7,-0.13814616755793452,-2.480392156862745,-0.4759358288770059,-1.003565062388592,-0.5855614973262018,-27.473996608253252,0
2013,1,4.722426470588232,-3.961397058823529,0.273897058823529,-0.873161764705884,-0.18566176470588402,2.8852459016393444,0
2013,-1,-2.7386363636363598,-0.04829545454545503,0.20265151515151558,-0.6212121212121211,-0.9005681818181817,-4.622950819672132,0
2013,-8,4.117647058823536,0.47058823529411775,-1.4117647058823515,2.647058823529413,2.3529411764705905,-32.75268513284342,1
2013,0,3.0321428571428584,-3.9491071428571427,0.11250000000000071,-4.100000000000001,-2.1955357142857146,-1.885245901639344,1
2013,-3,-0.816176470588232,3.023897058823529,-0.430147058823529,6.029411764705884,4.310661764705884,-10.950819672131148,1
2014,0,-10.21875,0.28125,2.09375,0.03125,0.1875,-20.885245901639337,1
2014,0,-1.4180035650623921,0.7896613190730832,-2.284313725490197,-1.9955436720142607,-1.9331550802139024,11.885245901639344,1
2014,0,-13.0625,-0.5479166666666675,-4.704166666666666,-9.045833333333334,-6.862500000000001,-40.672131147540966,1
2014,0,11.5,0.0,1.90625,4.8125,4.09375,1.3064516129032242,0
2014,-3,0.5802139037433278,0.4821746880570412,-1.008912655971482,-1.8181818181818166,1.334224598930481,-21.20521091811414,1
2014,5,3.599821746880565,1.54812834224599,-0.33333333333333215,-0.24331550802138935,-0.3386809269162221,29.967717528373264,1
2014,15,-4.704044117647058,-1.3327205882352935,0.21875,-1.163602941176471,1.132352941176471,189.89129886506936,0
2014,-7,-4.721003134796234,2.984326018808778,-1.0616509926854754,-3.4451410658307218,-2.8819226750261215,-20.54019851116625,0
2014,-9,4.742647058823536,0.9558823529411757,-0.6672794117647065,-6.540441176470587,-4.420955882352942,-65.7546027742749,1
2014,-13,8.98014629049112,-1.703239289446186,0.9738766980146281,0.9926854754440981,2.524555903866249,-167.03379571248422,1
2014,9,3.588235294117652,0.0588235294117645,-0.647058823529413,6.7941176470588225,5.117647058823527,79.8749054224464,0
2014,7,-7.40625,-2.7321428571428577,-2.8883928571428577,-2.4642857142857153,-1.7678571428571423,31.83504098360656,1
2014,3,2.368371212121218,2.5217803030303028,4.287878787878789,4.632575757575758,1.2348484848484844,17.915170439760608,0
2014,-1,-1.6176470588235219,-0.5588235294117645,2.0,1.2352941176470615,1.029411764705884,21.145161290322584,0
2014,9,8.292220113851982,-0.8738140417457299,1.36148007590133,4.1584440227704,3.3956356736242874,60.935687263556105,0
2014,7,0.7296015180265698,2.0056925996204935,-3.359582542694497,-1.3406072106261888,-1.9800759013282718,28.620680958385876,0
2014,-11,-4.005040322580641,3.54233870967742,-2.808467741935484,-4.91532258064516,-3.839717741935484,-78.53250620347394,1
2014,3,0.9100378787878753,-6.6231060606060606,0.49053030303030454,-2.679924242424242,-1.0804924242424256,7.594394500264407,0
2014,-13,8.137310606060609,1.4933712121212128,2.2973484848484844,1.0984848484848477,0.30303030303030454,-139.60983606557375,1
2014,13,-9.607954545454547,-1.6628787878787872,-1.4564393939393945,-7.083333333333332,-5.832386363636363,122.40126103404793,0
2014,-15,1.1659663865546293,4.373949579831933,1.1512605042016801,-1.1827731092436977,-2.8130252100840334,-161.20554854981086,1
2014,-5,6.787878787878782,5.375366568914956,-0.48778103616812984,1.8797653958944274,0.23264907135875035,-21.859703020993347,1
2014,-11,-0.2932551319648127,-5.190615835777125,1.7155425219941343,-7.929618768328446,-3.626588465298143,-103.15983606557377,1
2014,-1,-4.515151515151516,0.09090909090909172,0.5454545454545467,-6.030303030303028,-4.666666666666666,-5.783410138248847,1
2014,-11,10.652981427174979,-1.2394916911045932,5.41446725317693,-3.61876832844575,-3.356793743890517,-72.87146401985112,1
2014,13,-2.2189638318670575,-4.916911045943303,-7.494623655913976,-4.028347996089934,-1.8875855327468223,117.12282471626735,0
2014,1,-6.193014705882348,-2.2408088235294112,-2.90625,-7.21875,-5.470588235294116,24.256528417818743,0
2014,1,-3.4324596774193594,-0.86491935483871,0.8528225806451601,2.044354838709676,1.362903225806452,3.762928827444952,0
2014,-11,1.4535104364326372,1.03225806451613,-2.981024667931692,1.3567362428842529,0.7960151802656554,-83.7828499369483,0
2014,-5,3.106617647058826,1.6213235294117645,1.305147058823529,2.8639705882352935,-1.930147058823529,-18.092307692307692,1
2014,7,0.8681214421252434,-1.1470588235294112,-3.122390891840606,0.4240986717267532,1.1375711574952572,38.02406947890819,1
2014,-3,1.1212121212121247,0.9696969696969706,2.333333333333332,1.3333333333333321,1.5454545454545432,-17.608575031525852,0
2014,-5,5.59375,-1.53125,1.34375,0.90625,0.03125,5.612903225806448,0
2014,9,-8.732620320855617,0.6996434937611404,-0.043672014260248915,3.549019607843139,0.6764705882352935,61.72655086848634,0
2014,15,4.5921568627450995,1.788235294117646,1.4862745098039198,0.7450980392156836,1.1431372549019603,193.89735182849935,0
2014,15,-12.939393939393938,-1.1454545454545464,-5.993939393939392,-7.809090909090909,-6.436363636363637,193.66506935687264,0
2014,5,-6.678308823529406,-1.1930147058823533,-0.5183823529411775,-4.25,-2.0294117647058822,17.107692307692307,1
2014,8,5.237689393939391,-1.5511363636363633,1.6041666666666679,1.3522727272727266,0.4535984848484844,36.136948297604036,1
2014,-8,-1.735294117647058,-0.47058823529411775,0.0588235294117645,-1.9117647058823515,-2.5,-22.407692307692308,1
2014,-1,12.05313092979128,3.7703984819734337,-1.5654648956356745,2.453510436432637,0.4611005692599619,-24.707692307692305,1
2014,-5,0.27272727272726627,-6.212121212121213,-3.757575757575758,-6.939393939393938,-2.7272727272727284,-23.242679900744417,1
2014,8,-2.492900608519264,-0.6795131845841791,-2.241379310344829,5.907707910750506,4.922920892494927,29.27866004962779,0
2014,8,6.3951612903225765,-3.7603686635944698,-1.0103686635944698,-2.8352534562211993,0.09101382488479359,39.37831021437579,0
2014,5,8.298295454545453,1.9933712121212128,-0.8939393939393945,1.7916666666666679,1.8863636363636367,18.043467643467643,0
2014,-7,-2.759358288770045,2.95187165775401,0.051693404634580276,1.2923351158645247,-0.3725490196078418,-20.18681318681319,1
2014,3,-5.757575757575765,5.727272727272727,-1.8484848484848477,5.454545454545453,2.1818181818181817,18.0515873015873,1
2014,-3,6.566287878787875,-3.850378787878787,2.8882575757575744,-3.59659090909091,-0.6571969696969688,-12.230769230769232,1
2014,7,0.9723707664884103,2.7682709447415323,-0.22727272727272663,4.424242424242426,1.8342245989304793,16.012454212454212,1
2014,-8,6.0909090909090935,2.121212121212121,1.1515151515151487,2.787878787878789,2.18181818181818,-32.51626733921816,0
2014,3,6.693548387096769,-2.75100806451613,0.4203629032258078,-1.4909274193548399,-0.47983870967741993,60.011634056054994,0
2014,8,-5.984819734345351,2.9117647058823533,-4.9459203036053125,-0.3111954459203048,-1.0977229601518026,44.839454094292805,0
2014,7,10.897533206831127,1.7656546489563567,0.06261859582542684,1.9924098671726753,1.0635673624288415,30.11697191697192,0
2014,-3,4.703984819734345,-0.31499051233396536,2.3908918406072104,-1.518026565464897,-1.2220113851992398,-14.384615384615385,1
2014,1,-0.12121212121212466,1.9696969696969706,-1.5151515151515156,-1.5454545454545467,-1.575757575757578,10.83606557377049,1
2014,-3,-11.088235294117652,1.5882352941176467,-1.5588235294117645,-0.235294117647058,-2.2058823529411775,-13.923076923076923,1
2014,4,0.2424242424242351,5.3939393939393945,-0.33333333333333215,1.0303030303030312,-0.9696969696969688,19.93235653235653,0
2014,4,-11.025846702317281,-0.12388591800356608,-3.281639928698752,-2.09090909090909,-0.05971479500891341,10.230769230769232,1
2014,4,-6.205882352941188,0.9411764705882355,2.3235294117647065,5.352941176470587,4.235294117647058,15.397069597069597,1
2014,-9,3.893939393939391,-4.870265151515152,-2.0918560606060623,-3.4782196969696955,-1.4280303030303028,-21.694292803970225,1
2014,3,10.0,0.14705882352941124,1.352941176470587,-2.3235294117647065,-0.9705882352941178,4.907692307692307,1
2014,10,2.658645276292333,-0.040106951871656804,-0.33333333333333215,-0.15508021390374438,0.3672014260249554,48.38310214375788,0
2014,-1,-0.4866310160427787,3.8003565062388596,1.900178253119428,0.019607843137254832,-2.069518716577539,-6.984615384615385,0
2014,3,-4.088235294117638,-0.9705882352941178,-0.7058823529411775,1.735294117647058,2.617647058823529,10.815384615384616,1
2014,6,1.517825311942957,5.7985739750445635,3.5606060606060623,10.696969696969695,5.773618538324419,9.88937728937729,1
2014,6,1.117647058823536,-1.5882352941176467,1.2941176470588225,-1.882352941176471,0.8529411764705888,20.815384615384616,1
2014,6,2.366310160427801,5.859180035650624,2.1060606060606055,6.666666666666668,3.1069518716577527,12.535531135531135,1
2014,-1,-4.058823529411754,-4.5588235294117645,-1.2058823529411775,-9.0,-4.499999999999998,1.002930402930403,1
2015,0,-2.723484848484844,1.8361742424242422,3.2547348484848477,-0.9469696969696955,-1.6827651515151523,102.84482758620689,1
2015,0,9.21875,-0.46875,0.6875,3.28125,2.34375,-15.762711864406782,0
2015,0,1.6588465298142694,1.0918866080156402,-0.08895405669599299,-6.360703812316718,-3.5288367546432085,4.1915254237288195,0
2015,0,4.935483870967744,-0.9081133919843598,1.741935483870968,1.8455522971652023,1.612903225806452,-29.965517241379303,0
2015,-13,8.264705882352942,-0.5294117647058822,3.235294117647058,1.264705882352942,1.7941176470588225,-171.7385984427141,1
2015,-7,12.154411764705884,3.8125,-0.04779411764705799,3.4797794117647065,3.185661764705884,-57.38320355951057,1
2015,-5,1.6231060606060623,-0.23674242424242387,-2.7414772727272734,2.467803030303031,0.7651515151515156,-5.2211725479299815,1
2015,-1,-7.625,-0.7888257575757578,-1.2954545454545467,-4.100378787878789,-3.0123106060606055,2.220338983050844,1
2015,9,8.64516129032259,-1.129032258064516,-0.12903225806451601,-2.741935483870968,-1.67741935483871,88.59892594686264,0
2015,-11,-1.5,5.125,0.8125,0.8125,-0.8125,-63.32258064516129,0
2015,15,-7.760249554367192,-0.669340463458111,-0.4162210338680943,0.038324420677362525,-1.6809269162210363,251.4560622914349,0
2015,1,3.293560606060609,0.0037878787878788955,1.3039772727272734,-0.7007575757575744,-0.37310606060606055,6.728813559322035,0
2015,9,-14.803174603174597,-3.5354497354497365,-3.382010582010583,-1.1661375661375644,-0.5439153439153444,65.21565856416053,0
2015,11,-10.235294117647058,0.02941176470588225,0.352941176470587,0.4411764705882355,0.02941176470588225,102.27085650723026,0
2015,3,3.3324675324675326,-1.0415584415584416,1.4614718614718605,-2.349783549783549,-1.0865800865800868,-4.066101694915254,1
2015,-11,10.272727272727266,-2.212121212121211,1.9393939393939377,1.0606060606060623,-0.15151515151515227,-123.65572858731926,0
2015,-5,-2.59375,-1.0842803030303028,-0.5104166666666679,1.319128787878789,1.541666666666666,-24.62247129579005,0
2015,7,7.289247311827964,2.774193548387096,-3.2139784946236567,1.6247311827956992,1.8419354838709694,25.150355385456535,0
2015,15,-2.6195445920303655,-2.1299810246679325,-1.9914611005692606,-6.111005692599619,-3.811195445920303,158.2007786429366,0
2015,5,-0.933823529411768,2.40625,0.3327205882352935,0.748161764705884,1.7003676470588243,18.91525423728814,0
2015,5,-2.0,-4.636363636363637,0.15151515151515227,0.8484848484848477,-0.060606060606058776,15.84745762711864,1
2015,-15,11.606060606060609,1.7272727272727284,2.1818181818181834,3.2727272727272734,1.8181818181818183,-168.80422691879866,1
2015,-13,14.278787878787888,1.454545454545455,2.612121212121213,2.539393939393939,1.666666666666666,-131.6701890989989,1
2015,3,9.760416666666671,-2.164583333333333,0.17708333333333215,-4.635416666666668,-4.208333333333334,2.8305084745762734,0
2015,-13,3.238140417457302,-0.4990512333965835,3.407969639468689,0.8406072106261888,0.900379506641368,-96.8131256952169,1
2015,-9,2.4122983870967687,3.035282258064516,-0.26612903225806406,5.253024193548388,3.076612903225806,-85.54004449388209,1
2015,-9,1.0848484848484787,-2.1818181818181817,0.4757575757575765,3.218181818181815,3.8060606060606066,-42.351501668520584,1
2015,3,-3.538602941176464,-0.5955882352941178,0.9503676470588225,7.0588235294117645,5.865808823529411,17.53526517222526,0
2015,-7,3.9261363636363598,1.024621212121212,0.012310606060605522,-0.33049242424242564,0.07859848484848442,-65.0595954073264,1
2015,11,-6.4375,-0.96875,-3.5,0.875,1.15625,104.26640711902114,0
2015,1,-8.466666666666669,-1.6363636363636367,-2.3999999999999986,3.009090909090908,1.539393939393939,5.451412429378529,0
2015,-1,-8.999022482893452,2.2727272727272734,-2.119257086999024,-1.4936461388074278,-2.1974584555229715,-7.033333333333331,1
2015,13,8.430443548387103,-0.95866935483871,-1.9385080645161281,0.3094758064516121,-0.36391129032258007,124.56284760845384,0
2015,7,1.0625,-3.96875,5.625,-0.125,1.4375,32.82981090100111,0
2015,3,8.904203323558164,0.3567937438905169,0.741935483870968,-0.2013685239491707,0.31182795698924615,29.346364133406237,0
2015,15,-1.3995943204868126,2.6673427991886403,1.2079107505071,3.0973630831643,1.055780933062879,134.86763070077862,0
2015,-8,0.6229946524064189,-0.44919786096256686,1.8360071301247771,5.827094474153299,4.485739750445632,-19.824220885729908,1
2015,7,-12.536764705882348,-1.9430147058823533,-2.014705882352942,-5.577205882352942,-4.935661764705884,44.70065609622745,0
2015,7,-5.870766488413551,1.7976827094474146,1.639037433155078,-2.2771836007130126,-2.5570409982174684,32.08447238928376,1
2015,1,0.11512605042017299,-0.9428571428571431,-4.321008403361343,1.5092436974789933,1.6151260504201694,10.470386039132732,0
2015,3,-9.26102941176471,3.8639705882352935,0.0900735294117645,2.202205882352942,0.27941176470588225,14.347170809095717,0
2015,3,-3.9090909090909065,-0.5757575757575761,-1.2424242424242422,-0.6363636363636367,0.8787878787878789,87.04938632378727,0
2015,-1,-0.9677419354838719,1.96774193548387,-1.6451612903225836,1.741935483870968,1.225806451612904,7.955579058699099,0
2015,8,-2.933823529411768,-0.625,-1.6047794117647065,-0.408088235294116,-0.14338235294117574,47.24576271186441,0
2015,-7,19.121212121212125,-0.1212121212121211,2.3333333333333357,3.7272727272727266,3.757575757575758,-29.305376344086024,1
2015,-5,8.805871212121218,-2.410037878787879,2.3892045454545467,-0.6960227272727266,-1.708333333333334,-22.540732640787315,1
2015,-1,3.8551136363636402,5.694128787878788,1.6439393939393945,3.5804924242424256,1.1401515151515156,-2.758064516129032,1
2015,5,6.538602941176464,1.1893382352941178,0.2996323529411775,0.3474264705882355,-1.3658088235294112,15.032258064516132,1
2015,8,-3.725378787878782,-3.544507575757576,-3.003787878787879,4.78409090909091,2.2405303030303045,27.89557135046473,0
2015,-1,-4.452651515151516,-7.692234848484848,5.97159090909091,-2.1193181818181834,0.8039772727272734,-2.43548387096774,0
2015,-5,2.6252371916508537,0.21062618595825455,2.859582542694497,4.324478178368121,3.674573055028464,-7.354838709677418,0
2015,7,3.117647058823536,0.832442067736185,1.1274509803921546,-1.3404634581105164,-0.929590017825312,34.05268817204301,0
2015,-4,2.882352941176464,0.8235294117647065,1.588235294117645,4.7352941176470615,2.7647058823529402,-26.044559868780752,1
2015,-4,0.9742647058823479,-3.9319852941176467,5.327205882352942,-0.672794117647058,1.060661764705884,-21.419354838709676,1
2015,-4,10.24288425047439,-3.2893738140417454,1.1831119544592035,0.9127134724857662,1.6157495256166978,-6.96774193548387,1
2015,3,6.031932773109247,4.472268907563025,2.879831932773108,2.549579831932771,0.5907563025210081,8.25542041248017,0
2015,-4,8.928641251221904,2.9257086999022484,-0.3988269794721404,1.136852394916911,0.5601173020527863,-10.629032258064516,1
2015,-9,6.212121212121218,-2.1818181818181817,1.878787878787879,0.06060606060606233,0.33333333333333215,-40.896664844177145,1
2015,-4,-1.175189393939391,0.7850378787878789,-0.4772727272727266,1.5804924242424256,0.5643939393939394,-19.665117550574085,1
2015,4,-0.0551470588235361,0.5018382352941178,-0.9191176470588225,-1.1838235294117645,-2.7095588235294112,5.580645161290324,1
2015,-2,-3.911764705882362,4.588235294117647,0.8235294117647065,4.029411764705884,2.5588235294117663,-9.064516129032258,1
2015,1,4.558823529411768,1.3529411764705888,2.205882352941174,6.9411764705882355,3.6470588235294095,0.6290322580645165,0
2015,-1,2.393939393939391,2.030303030303031,-2.3636363636363633,1.6060606060606055,1.1515151515151523,-2.306451612903226,1
2015,-3,-2.663602941176464,1.4356617647058822,-0.9558823529411775,4.2150735294117645,3.2720588235294112,-4.112903225806452,0
2015,-6,8.723707664884145,0.6809269162210345,-1.024064171122994,4.937611408199643,4.46524064171123,-15.532258064516132,1
2015,0,3.029411764705884,3.4411764705882355,1.0588235294117645,5.5,3.2058823529411775,-2.467741935483871,0
2015,0,8.723707664884145,2.6809269162210345,0.9759358288770059,4.114081996434937,1.4946524064171118,1.0806451612903225,1
2016,0,1.25250278086763,-0.8998887652947722,-5.384872080088986,-1.507230255839822,0.12235817575083452,63.913793103448285,0
2016,0,3.6209677419354875,-2.112903225806452,3.191532258064516,0.6280241935483879,0.07258064516129004,7.675920514319113,0
2016,0,-5.892473118279568,-2.0097751710654936,-3.288367546432063,-2.8074291300097762,-1.5171065493646143,51.22413793103448,1
2016,0,0.4242424242424221,-2.217986314760509,-0.783968719452588,-6.977517106549364,-3.7380254154447705,-17.8103448275862,1
2016,7,-7.735294117647058,-2.907969639468691,-5.012333965844402,-3.3121442125237195,-2.5958254269449714,43.26407873154729,1
2016,1,8.193548387096769,1.096774193548388,1.1612903225806441,0.29032258064516014,-0.12903225806451601,-9.017241379310349,1
2016,-1,2.025735294117652,3.6231617647058822,2.1599264705882355,6.7867647058823515,4.1525735294117645,12.355932203389834,0
2016,-9,3.3878787878787904,0.4090909090909083,-1.3090909090909086,2.0666666666666664,1.8999999999999986,-53.073810825587756,1
2016,5,4.651515151515156,-2.410037878787879,1.7547348484848477,-3.1609848484848477,-0.1600378787878789,5.767741935483873,1
2016,7,-7.5,-1.09375,-0.84375,3.96875,3.09375,60.91826134499727,0
2016,9,-2.25,1.5,-0.65625,3.9375,2.90625,75.35754663651781,0
2016,15,-5.575757575757564,0.5454545454545467,-2.0,3.4242424242424256,1.4848484848484844,206.9543937708565,0
2016,-9,4.209803921568621,1.049019607843137,-0.7941176470588225,3.719607843137254,2.8176470588235283,-75.77856752323675,1
2016,11,0.9810606060606091,2.4034090909090917,1.6647727272727266,2.8806818181818166,1.1373106060606055,110.15906562847609,0
2016,15,-6.6784989858012125,-2.581135902636916,1.024340770791074,1.126774847870184,-1.1906693711967549,178.54004449388208,0
2016,1,-6.878787878787875,-0.3333333333333339,-2.545454545454543,0.2121212121212146,1.2424242424242422,-3.777615429573352,1
2016,11,-1.8598484848484844,1.9223484848484844,-1.7395833333333321,1.8219696969696955,0.8210227272727266,67.46162402669634,0
2016,15,4.603030303030309,5.096969696969698,4.324242424242424,8.712121212121211,3.9909090909090903,205.01446051167963,0
2016,-5,8.083088954056706,0.02346041055718473,2.7350928641251215,3.7937438905180834,2.8983382209188644,-14.33242208857299,0
2016,-7,1.831018518518519,0.08101851851851904,-3.596064814814813,-0.8680555555555571,0.7962962962962958,-35.923034176160044,0
2016,-9,-2.0121212121212153,0.9000000000000004,1.7030303030303031,-2.496969696969696,-2.418181818181818,-37.14386659129452,0
2016,-3,9.440524193548384,0.7157258064516121,0.9213709677419359,3.920362903225808,3.397177419354838,-48.91045606229143,1
2016,-7,-0.2752016129032313,-1.942540322580646,-0.19858870967741993,-3.723790322580644,-2.412298387096776,-50.856752323674144,1
2016,-13,7.442125237191647,2.0360531309297922,3.0104364326375723,-2.730550284629981,0.5426944971537004,-106.39933259176863,0
2016,5,-3.7982954545454533,-5.636363636363637,0.8020833333333321,-5.777462121212121,-2.3352272727272734,45.437463471654,1
2016,5,-1.294507575757578,-3.027462121212121,-1.0047348484848477,-2.9734848484848477,-2.1231060606060606,12.413793103448278,0
2016,13,-8.647629310344826,1.5571120689655178,-2.369612068965516,2.126077586206897,-0.1670258620689662,104.2352614015573,0
2016,15,-13.212121212121218,-3.6060606060606055,-2.030303030303031,-4.18181818181818,-3.424242424242422,258.4477196885428,0
2016,11,0.32983193277311784,-4.876050420168067,-0.514705882352942,-8.008403361344538,-3.9033613445378155,54.399888765294776,1
2016,1,-4.400735294117652,3.3529411764705888,-2.5661764705882355,-2.461397058823529,-1.930147058823529,3.7036723163841785,0
2016,-3,2.96875,-1.90625,5.03125,2.90625,1.75,-11.541954022988506,0
2016,-11,-7.30035650623887,-0.024955436720141222,0.3012477718360067,-5.369875222816397,-3.1800356506238856,-103.2741935483871,1
2016,-3,-5.205882352941174,-1.9333333333333336,-0.886274509803922,1.2823529411764696,0.6843137254901954,14.847457627118644,0
2016,13,-2.48671726755218,2.283681214421252,-0.9013282732447792,4.857685009487664,1.9203036053130944,124.51167964404895,0
2016,3,6.899193548387103,1.20766129032258,1.4989919354838719,-0.39717741935483986,0.785282258064516,0.034482758620683285,0
2016,13,-6.827620967741936,-4.675403225806452,0.5141129032258078,-1.4193548387096762,-2.35483870967742,115.5177975528365,0
2016,-8,6.973063973063972,-1.2390572390572387,-2.723905723905723,0.44444444444444287,1.629629629629628,-40.70092946965555,1
2016,8,3.0151515151515156,0.9535984848484844,1.5729166666666679,-0.6155303030303045,0.4460227272727266,10.606451612903225,1
2016,1,2.60477941176471,-0.851102941176471,-0.3621323529411775,-3.446691176470587,-1.586397058823529,6.080645161290324,1
2016,8,-11.84375,-0.3840725806451619,-2.775201612903224,1.285282258064516,1.393145161290322,33.21172547929981,0
2016,8,-6.8912655971479495,-1.0748663101604272,0.27094474153297554,-5.396613190730836,-2.4376114081996434,30.796883542919627,0
2016,-8,2.4959677419354875,-1.925403225806452,-0.808467741935484,0.0342741935483879,0.79133064516129,-18.896938217605246,1
2016,-8,8.295008912655973,2.362745098039216,2.0320855614973254,-1.8101604278074888,-1.0998217468805702,-37.021049753963915,1
2016,8,10.21700879765396,2.449657869012709,2.09090909090909,6.782013685239491,4.574780058651028,29.531701890989986,0
2016,8,1.60208333333334,1.2145833333333336,0.7770833333333336,6.695833333333333,3.1520833333333336,38.74249165739711,0
2016,-8,-3.816964285714292,-0.12946428571428648,2.40625,-0.6607142857142847,-0.6517857142857135,-26.758620689655174,1
2016,-8,3.200367647058826,-1.78125,3.240808823529413,0.101102941176471,0.836397058823529,-31.99125205030071,1
2016,-7,0.9572192513368947,1.6105169340463465,-4.4411764705882355,1.0793226381461665,0.8217468805704087,-25.274731182795698,1
2016,5,2.1038306451612954,-1.554435483870968,2.829637096774192,0.706653225806452,-1.077620967741936,59.93103448275862,0
2016,8,-8.366310160427801,-7.459893048128343,-1.7254901960784323,-5.327094474153299,-2.213903743315509,59.0845383759733,0
2016,5,1.1261859582542684,2.63851992409867,0.13092979127134896,0.9222011385199238,-0.4667931688804554,21.53225806451613,0
2016,5,-12.46875,-1.625,-4.46875,-4.3125,-3.65625,28.224694104560626,1
2016,-4,4.771780303030297,1.326704545454545,0.631628787878789,3.0473484848484844,1.097537878787879,-20.177419354838708,1
2016,-1,4.494485294117652,-2.1047794117647065,2.0349264705882355,-1.9871323529411775,-0.2224264705882355,-8.564516129032258,1
2016,3,2.9090909090909065,0.4848484848484844,0.09090909090908994,0.30303030303030454,0.3939393939393945,10.20967741935484,0
2016,1,-1.345588235294116,0.422794117647058,-1.290441176470587,2.408088235294116,1.2922794117647065,7.887096774193549,0
2016,4,0.016544117647057988,-1.9981617647058822,-1.5974264705882355,-1.329044117647058,-1.2628676470588243,12.64516129032258,0
2016,-1,6.84375,-0.53125,1.6875,-2.5625,-1.28125,-3.2931034482758648,1
2016,1,9.28125,-1.34375,5.1875,0.78125,2.125,-21.458620689655174,0
2016,3,11.48011363636364,0.12405303030303116,4.05965909090909,-1.277462121212121,-1.7215909090909083,17.53622421998942,0
2016,1,1.8607954545454533,-1.0388257575757578,4.09375,-3.4782196969696955,-2.2206439393939377,-1.080645161290322,1
2016,-1,3.3324420677361815,1.280748663101603,0.434937611408202,2.9554367201426004,0.7023172905525854,-3.080645161290322,0
2016,-5,6.545955882352942,3.1231617647058822,1.7849264705882355,1.610294117647058,1.2316176470588243,-31.60901001112347,1
2016,9,-0.14488636363635976,2.842803030303031,0.8096590909090899,2.785037878787879,0.6846590909090917,45.548943270300335,1
2016,-9,12.045955882352942,2.2169117647058822,3.2224264705882355,0.829044117647058,1.7003676470588243,-46.177975528364854,1
2016,0,3.435661764705884,1.454044117647058,1.740808823529413,0.689338235294116,-0.4577205882352935,3.741935483870969,0
2016,-1,5.294117647058826,4.76470588235294,0.5882352941176485,1.205882352941174,0.11764705882353077,-0.3387096774193541,0
2017,0,-10.928977272727266,-1.1723484848484844,-2.820075757575758,-1.9356060606060623,-3.316287878787879,1.0694444444444429,1
2017,0,-2.42647058823529,-4.281512605042017,-0.560924369747898,-5.4117647058823515,-4.472689075630251,21.02777777777777,1
2017,0,3.9583333333333286,0.8145833333333332,1.5145833333333343,-2.908333333333335,-1.291666666666666,-25.694444444444457,0
2017,0,-8.446969696969703,-1.8191287878787872,-0.7405303030303045,-1.4905303030303045,-2.1098484848484844,3.209284627092849,0
2017,-13,-2.4138655462184886,1.3298319327731107,0.3277310924369736,1.0168067226890756,1.3319327731092425,-137.86277777777778,1
2017,-9,-3.00967741935483,-0.7258064516129039,-4.241935483870968,-2.477419354838709,-1.3677419354838687,-71.28444444444445,1
2017,9,1.3125,-1.96875,0.375,0.53125,-0.3125,53.081111111111106,0
2017,11,-6.021212121212116,-0.48787878787878647,-0.3060606060606048,-3.5121212121212118,-2.360606060606063,77.39777777777778,0
2017,-15,7.482007575757578,0.3011363636363633,5.251893939393938,-0.13825757575757436,-0.8295454545454533,-172.37555555555556,1
2017,-7,0.9081996434937594,-1.7254901960784306,-2.2468805704099815,-7.46078431372549,-5.380570409982175,-24.832207207207205,1
2017,-7,1.0606060606060481,1.6363636363636367,3.1515151515151487,6.787878787878789,4.909090909090908,-12.409246575342465,0
2017,-1,-0.17647058823528994,2.5588235294117663,-1.0,-1.029411764705884,-1.235294117647058,-1.4444444444444429,1
2017,-7,7.178571428571431,1.2163865546218489,0.08403361344537785,2.781512605042016,3.11344537815126,-42.562777777777775,1
2017,-9,6.731060606060609,0.6619318181818183,3.6695075757575744,1.05965909090909,2.007575757575758,-41.648888888888884,1
2017,-3,-2.67647058823529,-1.4044117647058822,0.382352941176471,-7.0808823529411775,-4.4375,-22.575000000000003,1
2017,15,-9.35294117647058,-0.9117647058823524,-2.1764705882352935,-1.0,-2.9411764705882355,196.1172222222222,0
2017,7,16.53125,3.0,-1.0,5.6875,3.65625,35.55030030030031,0
2017,9,-5.82352941176471,-5.7058823529411775,2.8529411764705905,-3.411764705882355,-2.2941176470588225,64.84777777777776,0
2017,1,7.308823529411768,-5.040441176470589,0.24816176470588402,3.7555147058823515,4.435661764705882,17.47833333333333,0
2017,-5,-1.069259962049344,-1.8187855787476277,-0.382352941176471,-1.9013282732447792,-1.0265654648956346,-3.710616438356162,0
2017,-1,6.481617647058826,-1.7389705882352935,-1.5588235294117645,1.102941176470587,3.4816176470588225,-9.138888888888893,1
2017,-11,-5.820430107526889,0.21075268817204318,-1.4978494623655934,-6.063440860215053,-4.248387096774193,-64.59777777777778,1
2017,-5,2.7433155080213822,2.8966131907308377,1.5516934046345803,-2.645276292335115,-1.9447415329768276,-21.288888888888888,1
2017,-13,4.9218487394958,-0.18991596638655395,0.7689075630252091,-0.5756302521008401,0.40840336134453636,-127.815,1
2017,-15,13.34375,1.8125,1.59375,-0.53125,-0.25,-184.44611111111112,1
2017,-13,11.066176470588232,1.6194852941176467,1.4319852941176485,5.0974264705882355,4.091911764705884,-123.50611111111112,1
2017,13,-8.5,-3.21875,-1.21875,-3.21875,-1.625,161.85722222222222,0
2017,-3,-10.232258064516131,-6.130875576036866,-1.2110599078341018,-6.819354838709675,-5.5622119815668185,-6.520645645645647,1
2017,-1,-2.3522727272727337,1.5776515151515156,-2.243371212121211,0.14393939393939448,1.1051136363636367,-12.097222222222229,0
2017,-15,9.950980392156865,4.139928698752229,3.8377896613190714,-3.976827094474153,-3.517825311942957,-173.82333333333332,1
2017,11,1.8039215686274446,-0.7139037433155089,0.7754010695187148,-0.8235294117647065,0.6434937611408209,102.44222222222221,0
2017,-5,8.181818181818187,-3.9393939393939394,0.7878787878787854,-5.939393939393941,-3.4545454545454533,-14.041666666666664,0
2017,3,11.032258064516128,-3.67741935483871,0.9354838709677402,-5.193548387096776,-1.9677419354838719,0.6944444444444429,0
2017,11,-14.451871657754012,4.8894830659536535,-4.160427807486631,3.4572192513368982,2.0,118.29722222222222,0
2017,-5,-4.1675579322638185,1.1532976827094483,1.108734402852047,-2.126559714795011,-2.455436720142602,-36.801826484018264,0
2017,-3,-5.942424242424238,-3.342424242424242,-2.948484848484849,-0.03333333333333499,-1.039393939393939,21.23277777777778,0
2017,-5,4.264705882352942,0.6691176470588243,0.470588235294116,8.463235294117649,6.555147058823529,-7.426666666666666,1
2017,-8,2.078201368523949,-0.9227761485826012,-2.1661779081133936,3.322580645161292,3.1231671554252216,-20.707579908675797,1
2017,-1,11.6875,2.75,1.65625,10.0625,7.5625,-3.3641441441441433,1
2017,-7,13.487522281639926,-1.4010695187165787,5.498217468805702,4.571301247771839,3.1336898395721935,-38.59777777777778,1
2017,1,0.7537878787878753,-0.5104166666666661,-2.4876893939393945,-2.635416666666668,-3.1893939393939394,4.719459459459459,0
2017,1,-3.970588235294116,-5.0,1.4705882352941195,-7.3529411764705905,-2.9411764705882337,8.826666666666668,0
2017,-7,5.735294117647058,-3.7941176470588243,-0.1764705882352935,0.5,3.1764705882352935,-21.333333333333336,0
2017,-8,7.836898395721917,-0.41800356506238856,0.5570409982174667,-0.14081996434937594,0.0017825311942978317,-24.995,0
2017,-8,-7.084066471163254,1.8895405669599228,-0.3675464320625643,-3.3998044965786924,-3.0332355816226784,-35.721826484018266,1
2017,-8,10.991477272727266,2.5464015151515156,-0.39962121212121104,3.7376893939393945,2.5113636363636367,-40.196111111111115,1
2017,-8,4.032085561497325,0.6791443850267385,-1.2602495543671992,2.4411764705882355,0.9233511586452785,-12.440000000000001,1
2017,-5,2.731250000000003,5.798214285714286,4.489285714285714,4.712499999999999,1.7366071428571423,-13.669909909909908,0
2017,7,-4.539215686274503,-4.434046345811051,-2.543672014260249,1.565062388591798,2.400178253119428,29.99,0
2017,-8,5.303030303030312,-1.6060606060606055,0.09090909090908994,-2.787878787878789,-0.8484848484848477,-27.97,1
2017,-5,9.173271889400922,-2.0589861751152068,2.3732718894009217,-1.041474654377879,0.7917050691244221,-29.53722222222222,0
2017,3,-15.893048128342244,2.6541889483065955,-4.660427807486631,1.8395721925133692,0.1764705882352935,6.800000000000001,0
2017,-3,2.605169340463462,-4.959893048128343,7.968805704099822,-1.7816399286987519,0.13368983957219527,-9.666666666666666,1
2017,-3,2.59375,2.1875,-1.28125,2.375,-0.375,-9.2,1
2017,4,-3.8666666666666742,-2.758441558441559,-3.7506493506493506,-3.3999999999999986,-1.2640692640692635,11.296576576576575,0
2017,-9,1.647058823529406,-1.9117647058823515,1.088235294117645,-0.7647058823529385,1.0588235294117645,-30.168333333333333,0
2017,-4,6.340073529411768,-0.7904411764705888,0.810661764705884,5.2867647058823515,5.373161764705882,-11.200000000000001,1
2017,-1,-4.422459893048128,2.830659536541889,-1.8663101604278047,8.986631016042782,5.529411764705884,-7.319999999999999,1
2017,3,-8.043010752688161,-6.983382209188662,-4.226783968719452,-1.4652981427174971,-0.3616813294232646,16.400000000000002,0
2017,-4,0.12903225806451246,0.1612903225806459,1.4516129032258043,-4.70967741935484,-2.8709677419354858,-23.750555555555557,0
2017,-10,9.958110516934042,-2.8422459893048124,5.557040998217467,-0.9286987522281613,0.48663101604278225,-39.861666666666665,1
2017,-2,4.052083333333329,1.7585227272727266,1.1761363636363633,2.34375,0.7537878787878789,-5.906666666666667,0
2017,1,1.6078431372549034,-3.169340463458111,0.1033868092691641,4.6532976827094465,3.1354723707664895,-0.6133333333333333,0
2017,-3,6.797379032258064,-0.9536290322580641,2.297379032258064,0.26209677419354804,1.0211693548387082,-26.150555555555556,0
2017,-6,13.091886608015642,-3.1524926686217007,7.455522971652002,-1.1886608015640263,0.22287390029325493,-36.083888888888886,1
2017,-2,5.666666666666657,5.484848484848484,1.8484848484848477,1.787878787878789,1.2727272727272734,-6.5200000000000005,1
2017,0,0.24242424242424931,-6.3939393939393945,3.4545454545454533,0.6363636363636367,1.1515151515151523,-3.4133333333333336,0
2018,0,9.759469696969703,-0.2973484848484844,4.030303030303031,5.110795454545453,2.9176136363636367,78.17741935483872,0
2018,0,-4.0,0.03125,-3.25,1.0625,1.5,9.765625,1
2018,0,15.970674486803517,-2.1876832844574796,-0.010752688172040337,3.4095796676441843,2.4633431085043966,-3.1875,0
2018,0,-7.259962049335854,0.8349146110056918,-0.39848197343453506,-7.5521821631878545,-6.079696394686906,44.2258064516129,0
2018,1,-7.365808823529406,2.6544117647058822,0.639705882352942,2.226102941176471,0.726102941176471,13.75,1
2018,-9,-3.8146167557932387,-2.000891265597149,-0.20053475935828757,1.8342245989304793,2.6568627450980404,-44.691542288557216,0
2018,-13,4.848484848484858,5.030303030303029,3.0303030303030276,3.0606060606060588,1.6060606060606055,-132.4220028887819,1
2018,-5,-1.84375,0.4375,-0.875,-3.09375,-3.03125,-30.403882575757574,1
2018,-9,12.370967741935488,-0.7153700189753316,4.046489563567363,3.422201138519922,2.8026565464895636,-68.39800995024876,1
2018,-5,0.35972629521016586,0.7517106549364598,0.3401759530791786,-1.485826001955033,-1.1700879765395893,-32.98111007462687,1
2018,-15,5.790322580645167,0.8168880455407965,-2.869070208728651,-3.956356736242885,-2.043643263757117,-102.77684159845931,1
2018,7,-0.297794117647058,-5.181985294117647,-0.59375,-10.772058823529413,-6.1139705882352935,39.40555037313433,0
2018,5,-2.4737903225806406,-3.81149193548387,0.847782258064516,-0.1945564516129039,0.9243951612903221,10.594449626865675,1
2018,-11,-4.41745730550285,-3.2884250474383308,-0.7751423149905143,-5.8055028462998095,-5.166034155597721,-69.40724946695096,1
2018,-7,-7.55416666666666,0.8187499999999996,-2.59375,-3.7437499999999986,-3.5458333333333343,-47.774697938877054,1
2018,3,8.97379032258064,-0.894153225806452,4.745967741935484,2.63407258064516,2.747983870967742,9.904829545454547,0
2018,1,2.21875,0.0,-2.5,0.0625,0.1875,14.671875,0
2018,-11,2.899621212121218,1.541666666666666,-1.6089015151515156,0.28125,0.9725378787878789,-109.07294174289841,1
2018,11,2.924242424242422,0.2666666666666675,-1.172727272727272,0.5030303030303038,0.35757575757575744,83.32233991333655,0
2018,15,-20.121323529411768,1.430147058823529,-3.2058823529411775,-0.273897058823529,-0.8694852941176467,162.16634569090033,0
2018,-9,8.181451612903231,3.77016129032258,1.5796370967741922,3.978830645161292,3.504032258064516,-81.9826673086182,1
2018,-3,1.9670231729055274,0.9643493761140807,-0.19964349376114043,6.404634581105171,2.837789661319073,-2.609375,0
2018,-13,0.06433823529411598,4.4025735294117645,1.009191176470587,3.1985294117647065,2.2720588235294112,-101.98363023591719,1
2018,-7,-2.3187499999999943,-3.6312499999999996,-1.8999999999999986,1.03125,2.8395833333333336,-31.875,1
2018,1,8.290322580645167,1.935483870967742,-0.6129032258064484,1.870967741935484,0.032258064516128115,-0.328125,1
2018,-1,11.604105571847512,-0.9882697947214076,6.315738025415445,-1.6842619745845546,-1.150537634408602,-6.875,0
2018,9,0.6060606060606091,-4.125946969696969,-0.6164772727272734,-0.9801136363636367,-0.14393939393939448,84.43620606644198,1
2018,11,0.17736185383243708,-1.7076648841354718,-2.287878787878789,4.27807486631016,2.3992869875222826,86.09642264866146,0
2018,-3,11.360962566844918,-1.1051693404634584,1.3467023172905535,2.8663101604278047,3.6746880570409974,-12.135494402985074,1
2018,13,-1.1093596059113366,-3.919211822660099,-0.9113300492610819,6.302463054187189,4.26896551724138,134.51348098218585,0
2018,13,-8.491886409736296,-0.1308316430020291,-1.002028397565926,3.770791075050713,2.6561866125760663,141.06644198363023,0
2018,5,-15.454545454545453,0.8409090909090917,0.14583333333333215,1.3172348484848477,1.6505681818181834,28.546875,1
2018,3,-1.294117647058826,-1.8566176470588243,-3.5753676470588225,3.3566176470588225,3.060661764705884,22.34375,0
2018,15,4.938416422287389,1.3157380254154436,0.08211143695014655,4.1564027370479,1.2375366568914963,158.49133365430907,1
2018,7,-2.238336713995949,-3.482758620689655,2.393509127789045,0.9259634888438164,-0.08722109533468547,48.13290689410092,0
2018,15,-6.62566844919786,0.5062388591800371,-2.7237076648841345,1.6274509803921546,-0.520499108734402,235.64780934039482,0
2018,-5,8.509469696969703,2.264204545454545,5.208333333333332,2.9498106060606055,2.1155303030303028,-30.02170963364993,1
2018,-1,8.6875,1.3400735294117645,1.946691176470587,0.814338235294116,0.5183823529411757,-7.432835820895521,1
2018,-7,2.5,-2.6286764705882355,-0.352941176470587,-5.180147058823529,-3.476102941176471,-21.567164179104477,1
2018,8,7.961675579322645,-0.05793226381461558,0.31818181818181657,-5.010695187165776,-3.5098039215686274,45.34825870646766,0
2018,8,-2.524621212121218,-5.510416666666666,1.2339015151515156,-3.96875,-3.535037878787879,31.504897388059703,1
2018,3,3.777183600713016,3.2014260249554365,2.050802139037433,1.7067736185383247,2.2540106951871657,7.432835820895523,0
2018,3,0.8200757575757507,-0.21875,-0.5956439393939377,-2.6969696969696955,-1.5340909090909083,9.327227498869291,0
2018,8,-14.705882352941174,0.6470588235294112,0.0588235294117645,5.264705882352942,1.7941176470588243,47.34981343283582,0
2018,-1,10.09375,3.15625,-0.46875,5.625,4.96875,-3.0149253731343286,0
2018,8,-2.498533724340163,1.921798631476051,-2.2834799608993137,-1.3763440860215077,-3.4389051808406634,32.33278917910448,1
2018,-7,-0.12023460410557618,-1.5278592375366564,-1.9608993157380255,0.8132942326490706,2.247311827956988,-122.46824596774192,1
2018,-5,-8.617647058823536,3.5882352941176467,-0.7058823529411775,-1.088235294117645,-2.0882352941176467,-21.62686567164179,0
2018,8,-2.0258467023172813,0.7709447415329773,-1.8003565062388596,-4.228163992869874,-2.69073083778966,24.416744402985074,0
2018,-8,13.424242424242422,-1.0303030303030312,4.454545454545457,-1.303030303030301,-0.7575757575757596,-44.38759328358209,0
2018,-5,6.971428571428575,1.494642857142857,-0.35267857142857295,-0.8089285714285701,0.8312500000000007,-20.323460820895523,0
2018,8,3.988413547237073,-5.969696969696969,3.8449197860962556,0.39304812834224734,0.31194295900178126,86.30187770823302,0
2018,5,-2.725806451612897,0.6508538899430736,-2.530360531309295,3.319734345351044,1.5521821631878563,31.496968283582092,1
2018,4,-4.371657754010698,-3.906417112299465,-4.1060606060606055,-6.2531194295900185,-3.5098039215686274,21.53055037313433,1
2018,4,-11.400735294117652,-3.3143382352941178,-0.8400735294117645,-5.3805147058823515,-4.391544117647058,15.385494402985074,1
2018,-4,-1.352941176470594,-3.9154411764705888,-4.1047794117647065,-2.1139705882352935,-1.586397058823529,-17.72644589552239,1
2018,-9,17.151515151515156,1.4545454545454533,3.0,-0.2424242424242422,-0.8787878787878807,-46.22341417910448,1
2018,4,-8.21875,-0.5900735294117645,0.852941176470587,3.148897058823529,3.288602941176471,12.567164179104477,0
2018,-1,5.904634581105157,-2.5588235294117645,1.6488413547237109,-2.2263814616755795,-0.7032085561497325,-8.373134328358208,0
2018,-4,7.441176470588232,-4.617647058823529,2.3235294117647065,-2.352941176470587,-1.7058823529411775,-11.880597014925375,1
2018,-2,0.6761363636363598,2.0255681818181817,-3.3248106060606055,1.3626893939393945,1.322916666666666,-5.09375,0
2018,6,8.127134724857697,3.062618595825427,1.6461100569259983,4.966793168880454,3.875711574952561,30.60144589552239,0
2018,1,3.1969696969697026,3.9866310160427805,2.686274509803919,5.7237076648841345,4.185383244206774,-2.0,0
2018,2,-11.816399286987519,1.617647058823529,-1.2664884135472398,5.0793226381461665,2.3208556149732615,13.134328358208956,0
2018,8,-1.959558823529406,-2.4908088235294112,1.0422794117647065,-0.2922794117647065,0.961397058823529,32.44519589552239,0
2018,0,-5.558823529411768,0.1764705882352935,-0.5588235294117645,-1.735294117647058,-2.4705882352941178,4.970149253731343,0
2018,2,-13.411764705882362,-0.7352941176470598,-1.529411764705884,-0.2941176470588225,-2.2058823529411757,8.701492537313433,0
2019,0,12.02291666666666,-0.8187499999999996,5.104166666666668,-1.9750000000000014,-1.364583333333334,-9.125,1
2019,0,-0.10654936461388331,-1.986314760508309,1.127077223851419,-6.330400782013687,-3.0879765395894427,3.765625,1
2019,0,0.2973484848484844,4.519886363636363,2.90340909090909,7.81534090909091,4.253787878787879,-12.28125,1
2019,0,4.590322580645164,-4.95268817204301,-0.7397849462365578,-0.78494623655914,0.5193548387096776,-90.078125,1
2019,-7,1.226102941176464,-0.889705882352942,-3.1838235294117645,-1.452205882352942,-0.18198529411764675,-30.606343283582092,1
2019,1,1.9289772727272663,2.587121212121213,0.59375,-1.8219696969696955,-1.3721590909090917,10.28125,1
2019,3,-12.40196078431373,1.3146167557932262,-5.207664884135475,-6.940285204991085,-4.734402852049911,14.222481343283583,1
2019,-9,2.505514705882348,2.5036764705882355,0.2224264705882355,1.3308823529411775,0.7371323529411757,-61.756296641791046,1
2019,15,-14.106549364613883,-0.31964809384164106,-5.994134897360702,-2.2091886608015656,-2.1485826001955015,199.3917910447761,0
2019,-9,-0.7085561497326296,3.4126559714795013,2.8885918003565045,0.83511586452763,-0.41087344028520434,-64.15088619402985,1
2019,13,-5.003134796238257,-2.5370950888192265,-3.921630094043884,-4.567398119122256,-3.691745036572623,128.65111940298507,0
2019,-11,0.4821428571428612,4.821428571428571,-4.540178571428573,4.892857142857142,4.0669642857142865,-61.11357276119403,1
2019,5,15.52291666666666,-2.0687499999999996,1.4791666666666679,-0.3500000000000014,-0.4895833333333339,23.578125,0
2019,-13,-6.211397058823536,-0.45588235294117574,1.7463235294117645,-2.4669117647058822,-1.6746323529411757,-104.82089552238806,1
2019,13,-12.45989304812835,-1.7932263814616753,-4.997326203208559,-0.6363636363636367,-1.6060606060606055,150.6944962686567,0
2019,-3,3.7513368983957207,-1.1987522281639933,2.4117647058823515,-3.4616755793226375,-0.4197860962566864,-20.28125,0
2019,-7,-3.858934169278996,-1.3249738766980155,1.6959247648902824,0.5715778474399151,0.7742946708463947,-22.448390151515152,0
2019,11,-10.01102941176471,-0.21875,2.3786764705882355,-0.595588235294116,-1.670955882352942,77.14365671641791,0
2019,5,-1.5614973262032095,-0.6818181818181817,-0.0026737967914414185,-3.2165775401069503,-2.047237076648841,17.581389925373134,0
2019,3,-7.260606060606065,0.336363636363636,0.7787878787878775,4.033333333333335,2.903030303030304,25.90671641791045,0
2019,5,-7.005681818181813,-0.41950757575757613,-0.7026515151515156,4.724431818181817,2.799242424242424,36.54804104477612,0
2019,-15,11.209677419354833,6.801707779886148,4.188804554079695,4.539848197343456,1.81593927893738,-192.890625,1
2019,11,0.1948529411764639,-4.46875,-3.8180147058823515,1.439338235294116,0.08455882352941124,82.671875,0
2019,-3,-6.5971479500891235,2.4901960784313726,-1.982174688057043,-2.3903743315508024,-2.5579322638146156,-15.319962686567163,0
2019,7,-5.13978494623656,-4.021505376344085,0.00782013685239491,-4.747800586510264,-2.4828934506353857,55.21875,1
2019,15,-9.216856060606062,-4.2481060606060606,-4.891098484848484,0.7386363636363633,0.5407196969696972,196.63409514925374,0
2019,-5,7.804812834224592,0.017825311942958777,0.4010695187165787,-0.9937611408199665,-0.7584670231729049,-26.24207089552239,0
2019,-1,4.25,0.625,-3.90625,-0.03125,1.65625,7.328125,0
2019,7,1.425108225108218,1.5627705627705613,-2.346320346320347,1.3601731601731597,2.0753246753246763,26.914878731343283,1
2019,13,-6.151515151515156,-0.6969696969696972,-1.1515151515151523,-3.6363636363636367,-3.1818181818181817,116.19053171641791,0
2019,11,4.6875,1.59375,0.4375,2.03125,0.28125,88.19776119402985,0
2019,-9,-6.652406417112303,-2.192513368983956,-4.564171122994654,0.08645276292335069,-0.551693404634582,-46.43213619402985,0
2019,1,0.6915322580645125,-1.037298387096774,0.9979838709677402,4.366935483870968,1.74899193548387,1.109375,1
2019,15,3.930443548387103,-1.745967741935484,-0.008064516129032029,5.330645161290324,3.326612903225806,161.8055037313433,0
2019,9,-6.942857142857136,4.922321428571429,2.255357142857143,5.625892857142858,0.6366071428571427,76.40275186567165,0
2019,-1,9.206773618538321,1.1354723707664878,7.336898395721924,2.24420677361854,2.7040998217468815,-6.425662878787875,0
2019,1,3.5,1.352941176470587,-5.735294117647058,-0.7058823529411775,-0.14705882352941124,-1.2835820895522385,1
2019,-8,-6.674442190669382,0.5101419878296145,-0.8174442190669353,1.1713995943204871,0.8438133874239337,-35.162546641791046,1
2019,8,-17.192234848484844,3.829545454545455,-4.49715909090909,-2.882575757575758,-3.9782196969696955,43.17304104477612,0
2019,-5,-4.472727272727269,1.3060606060606048,2.384848484848483,7.003030303030304,5.751515151515152,-16.119402985074625,1
2019,-3,10.03125,2.53125,-2.90625,5.0,3.875,-10.051072761194028,1
2019,8,-2.117647058823522,2.3235294117647047,-3.7058823529411775,1.5588235294117663,1.4411764705882337,29.78964552238806,0
2019,-8,8.029411764705884,-0.617647058823529,4.5,-3.764705882352942,-1.147058823529413,-39.788246268656714,1
2019,-3,1.716911764705884,1.71875,-0.3492647058823515,-2.227941176470587,-1.5349264705882355,-9.671641791044776,1
2019,-8,11.370967741935488,3.575901328273245,1.4468690702087308,-2.6537001897533194,-0.7324478178368121,-35.9375,1
2019,-8,5.981283422459896,3.1060606060606055,3.048128342245988,0.24153297682709507,-0.4349376114081984,-36.40625,1
2019,-8,16.237076648841352,3.590017825311943,8.367201426024955,1.5775401069518722,2.0677361853832448,-36.85284514925373,1
2019,-1,-1.9848739495798355,-1.9327731092436977,-3.6680672268907557,0.20420168067226996,0.46302521008403374,-21.21875,1
2019,8,-3.363636363636374,0.06060606060606055,-1.5151515151515156,4.242424242424242,2.6060606060606055,33.08115671641791,0
2019,3,11.724431818181813,3.732007575757576,3.0776515151515156,2.5880681818181834,1.0445075757575761,6.8059701492537314,0
2019,8,-0.6875,0.34375,2.625,2.0625,0.53125,36.696128731343286,0
2019,8,-1.8064516129032313,-1.261088709677419,0.441532258064516,-2.869959677419354,-1.87399193548387,61.79337686567164,0
2019,3,-13.936720142602496,1.8957219251336905,-3.1497326203208544,-0.5516934046345803,-0.9910873440285197,8.776119402985074,0
2019,1,-5.479166666666671,1.9460227272727266,-2.34659090909091,-2.405303030303031,-2.4573863636363633,7.000000000000001,1
2019,-1,-2.711397058823536,-0.5496323529411757,1.1213235294117645,-3.1231617647058822,-2.7371323529411757,-3.3731343283582085,0
2019,11,-1.3580357142857196,0.8392857142857135,-1.0357142857142847,0.8071428571428569,0.132142857142858,43.914878731343286,0
2019,4,-7.178253119429598,-1.3253119429590026,-8.543672014260249,-1.9010695187165787,-1.8912655971479495,10.074626865671641,1
2019,-3,9.5,4.476102941176471,4.694852941176471,5.0569852941176485,2.329044117647058,-13.925373134328359,1
2019,1,-1.1096256684491976,0.8939393939393945,1.593582887700535,-4.606951871657753,-4.131907308377896,3.776119402985074,0
2019,1,2.55147058823529,2.6764705882352935,-4.8069852941176485,3.25,2.53125,10.940298507462689,0
2019,-2,15.754734848484844,0.701704545454545,3.65340909090909,3.163825757575758,3.1657196969696955,-6.194029850746268,0
2019,2,4.34375,3.34375,-1.1875,1.375,0.78125,11.880597014925375,0
2019,3,2.15508021390373,0.12923351158645247,-4.877005347593581,-4.901069518716579,-4.073083778966131,7.044776119402984,1
2019,-1,4.67647058823529,2.5588235294117645,-1.7058823529411775,2.0882352941176485,0.235294117647058,-3.1492537313432836,0
2019,-1,5.72977941176471,1.9797794117647065,4.6507352941176485,1.40625,1.46875,-5.402985074626865,0
2019,4,7.038602941176464,2.860294117647058,-3.8088235294117645,2.485294117647058,1.2867647058823533,12.417910447761194,0
2019,2,1.25,-0.03125,-0.3125,2.34375,1.40625,8.701492537313431,0
2021,0,4.327485380116968,-0.22222222222222143,0.563352826510723,-7.415204678362574,-4.996101364522417,-3.25,1
2021,0,-6.976190476190467,0.5892857142857135,-2.6726190476190474,-3.9880952380952372,-2.696428571428571,-7.788461538461547,0
2021,0,-9.837944664031617,-0.8972332015810274,-1.4031620553359687,-6.90909090909091,-5.308300395256916,-1.3269230769230944,0
2021,0,-3.8091168091168015,0.897435897435896,1.3632478632478637,-0.31908831908831914,-0.23789173789173823,14.903846153846153,0
2021,-11,-3.94047619047619,1.904761904761905,-2.590476190476192,1.5785714285714256,1.2738095238095237,-26.948005698005698,1
2021,-15,18.505434782608702,4.55072463768116,-0.7554347826086953,1.4764492753623202,0.7880434782608692,-171.23361823361824,1
2021,-3,1.8136645962732985,0.6645962732919264,-1.5672877846790918,0.45962732919254634,1.4741200828157357,-6.292735042735039,1
2021,13,-4.84615384615384,-3.884615384615385,-1.73076923076923,-0.07692307692307665,-1.4230769230769234,138.8148148148148,0
2021,15,-9.940108892921955,-1.9219600725952821,-4.644283121597095,-7.490018148820328,-3.8257713248638847,138.75783475783476,0
2021,1,4.981538461538463,0.45692307692307654,-2.292307692307695,1.0,0.6292307692307695,10.398148148148149,0
2021,9,-2.9111111111111114,-2.386666666666666,-1.531851851851851,-3.742222222222221,-2.322962962962963,51.949430199430196,1
2021,9,-3.863095238095241,-3.488095238095238,-1.7619047619047592,-7.625,-4.529761904761905,72.56766381766383,0
2021,-13,-2.0579710144927645,1.7681159420289863,1.1811594202898554,4.576811594202901,2.4333333333333336,-148.98504273504273,0
2021,7,-3.392857142857139,-0.1703296703296715,-1.810439560439562,-1.0439560439560438,-0.5,55.403846153846146,1
2021,-3,-4.657190635451514,-0.9498327759197327,-2.0836120401337794,-3.466555183946488,-0.47157190635451585,-4.134615384615387,0
2021,-5,-2.109230769230777,-0.8476923076923075,0.3723076923076931,2.0230769230769248,0.3215384615384611,-30.430199430199426,0
2021,-5,0.3703703703703667,-1.0740740740740744,-4.37037037037037,4.814814814814817,3.296296296296296,-17.733618233618234,1
2021,-7,-3.9962121212121247,-3.3446969696969706,-3.094696969696969,-4.113636363636363,-1.416666666666666,-47.507834757834765,1
2021,11,-9.18915343915343,-3.0317460317460316,2.1428571428571423,-4.757936507936506,-4.084656084656084,94.39316239316238,0
2021,-1,6.057881773399018,7.30911330049261,2.0738916256157616,6.2389162561576335,2.608374384236452,2.5961538461538467,0
2021,11,1.073578595317727,0.031772575250835544,-3.327759197324415,0.3561872909698991,-0.13545150501672332,66.30199430199431,1
2021,-13,7.331372549019605,1.105882352941176,0.966666666666665,-1.7098039215686285,-1.6999999999999993,-136.57051282051282,1
2021,-7,1.673333333333332,-1.7333333333333343,-3.0266666666666673,-0.7199999999999989,0.6066666666666674,-40.673789173789174,1
2021,-7,3.047619047619037,-0.7738095238095237,2.5476190476190474,-3.636904761904759,-4.720238095238095,-44.1285403050109,1
2021,-9,5.288401253918494,-0.8793103448275854,-0.7272727272727266,3.8573667711598763,3.6974921630094038,-71.24400871459694,1
2021,-15,16.972527472527474,-0.054945054945056526,2.5549450549450547,-0.17399267399267515,0.26190476190476275,-187.9437321937322,1
2021,13,-12.508620689655174,-1.3379310344827573,-0.7775862068965509,-1.3103448275862064,-1.3327586206896544,102.40598290598291,0
2021,11,5.436026936026934,-3.6397306397306393,1.0740740740740726,-0.35016835016834946,1.281144781144782,90.21509971509971,0
2021,-1,11.611111111111114,0.35925925925925917,0.674074074074074,5.109259259259261,4.03888888888889,-1.26923076923077,1
2021,-3,4.866883116883116,5.587662337662337,-0.980519480519483,0.5227272727272734,0.8928571428571423,-16.173076923076923,0
2021,-15,2.684782608695656,-2.1775362318840568,0.9528985507246368,-6.333333333333332,-3.2590579710144905,-185.93589743589743,1
2021,9,11.73863636363636,2.958333333333333,-0.8181818181818166,6.371212121212119,3.2234848484848477,65.60754985754986,1
2021,1,-1.1200000000000045,-0.040000000000000924,-0.7600000000000016,3.879999999999999,1.879999999999999,0.2115384615384599,0
2021,-5,4.713846153846163,-0.44923076923076977,4.087692307692308,-2.095384615384617,-1.2630769230769232,-24.690493468795356,0
2021,5,1.4636015325670542,-1.7049808429118762,-1.7905491698595135,-6.6819923371647505,-3.362707535121329,37.26139601139601,0
2021,-3,9.3558201058201,0.20105820105820094,3.920634920634921,-1.339947089947092,-0.39285714285714235,-11.425925925925924,1
2021,-8,14.754310344827587,4.678160919540231,-1.6939655172413808,1.3520114942528743,-0.1594827586206904,-24.887464387464387,1
2021,-8,6.34615384615384,4.461538461538462,0.07692307692307665,2.26923076923077,3.5,-37.25712250712251,1
2021,-7,10.875331564986737,3.025198938992043,4.583554376657823,7.068965517241381,4.200265251989391,-20.14814814814815,0
2021,-8,-5.434782608695656,1.9565217391304355,-0.695652173913043,2.217391304347828,0.5217391304347831,-118.5,0
2021,-8,7.964285714285708,0.10714285714285765,4.392857142857142,2.428571428571427,0.8214285714285712,-55.02920227920227,0
2021,8,-1.456296296296287,-2.84888888888889,0.3200000000000003,-6.822222222222223,-3.7303703703703697,26.39316239316239,1
2021,8,-7.345454545454544,-0.5836363636363631,-0.04363636363636303,-3.1563636363636363,-2.8599999999999994,55.430911680911684,0
2021,-8,11.888095238095232,4.578571428571429,1.395238095238092,1.216666666666665,1.192857142857143,-35.916666666666664,1
2021,-8,-3.3993506493506516,-1.6071428571428568,2.532467532467532,-1.8831168831168803,-2.3603896103896105,-61.55199430199431,1
2021,1,-5.875757575757575,-2.4333333333333336,-0.5393939393939391,-2.40909090909091,-0.35151515151515156,0.8703703703703702,0
2021,-7,17.355384615384608,-0.4892307692307707,2.4692307692307693,5.05076923076923,3.34,-40.193732193732195,1
2021,7,5.861111111111114,2.1759259259259256,-2.0092592592592595,4.592592592592592,2.9305555555555554,21.55128205128205,0
2021,-5,9.374005305039788,1.907161803713528,5.327586206896552,4.694960212201591,3.482758620689655,-20.68029350104822,0
2021,3,3.458193979933114,0.8394648829431421,-1.366220735785955,1.4715719063545123,0.403010033444815,37.557692307692314,0
2021,-3,-2.2401021711366553,-0.2975734355044697,-0.9016602809706242,-3.5338441890166017,-1.066411238825033,-0.7037037037037059,0
2021,-12,3.0015527950310457,4.0062111801242235,2.4906832298136656,4.222049689440993,1.6071428571428577,-146.4480056980057,1
2021,-4,8.829545454545453,3.4696969696969706,-0.9886363636363633,-0.5946969696969688,-1.625,-16.12962962962963,1
2021,-9,0.4676923076923032,3.8061538461538476,1.4492307692307698,1.2923076923076948,0.24461538461538446,-41.43019943019943,1
2021,-4,1.4313186813186718,-2.79120879120879,2.1565934065934087,-3.071428571428573,-2.76923076923077,-52.936609686609685,0
2021,4,-15.151098901098905,-1.3379120879120867,-1.5549450549450547,-6.659340659340657,-6.178571428571429,20.814814814814813,0
2021,3,2.6590909090909065,2.416666666666666,-2.8106060606060588,2.742424242424242,1.3598484848484844,14.314814814814817,0
2021,-9,6.720512820512823,1.6307692307692303,1.7743589743589716,-0.14871794871795174,-0.12307692307692264,-38.76282051282051,0
2021,1,-0.37400530503978757,-2.251989389920425,-3.3275862068965516,-6.177718832891246,-3.1034482758620694,11.939552760307475,0
2021,2,-1.9821428571428612,-0.7619047619047628,3.7678571428571423,4.136904761904759,3.7321428571428577,10.074074074074074,0
2021,-10,7.200549450549445,3.631868131868133,3.2335164835164854,-0.37912087912087955,-0.615384615384615,-71.60327635327634,1
2021,-5,17.35676392572944,-2.251989389920425,1.4416445623342184,0.9376657824933687,2.3965517241379306,-15.759259259259261,1
2021,-10,3.4038461538461604,-0.6858974358974361,2.8910256410256387,-1.948717948717949,-0.4647435897435894,-40.76282051282051,0
2021,-1,8.067307692307693,-1.5128205128205128,-2.39423076923077,-1.6506410256410255,-2.009615384615385,-2.111111111111111,1
2021,-10,19.269230769230774,-0.5384615384615401,3.0769230769230766,4.115384615384613,3.0769230769230766,-44.55911680911681,1
2021,0,-7.740384615384613,3.102564102564104,-4.89423076923077,-5.689102564102562,-4.625,2.037037037037037,1
2022,0,-0.3901515151515156,0.5482954545454541,-0.5189393939393945,-1.1884469696969688,-1.3532196969696972,-15.82539682539683,1
2022,0,4.533333333333331,0.5666666666666664,-2.0666666666666664,3.9666666666666686,4.466666666666667,32.269841269841265,0
2022,0,4.032258064516128,-2.935483870967742,2.0,-0.09677419354838612,0.8387096774193541,-16.873015873015873,1
2022,0,1.2818181818181813,1.496969696969698,3.345454545454544,1.9939393939393923,0.8666666666666671,1.904761904761898,0
2022,-9,2.1893939393939377,3.9157196969696972,-0.6089015151515156,8.157196969696969,6.2405303030303045,-44.34992784992785,1
2022,-15,3.6111111111111143,2.3391203703703702,-3.6574074074074083,-4.513888888888889,-3.0972222222222214,-162.64718614718615,1
2022,1,3.739980449657864,0.0811339198435963,3.7487781036168144,-2.2805474095796683,-1.0850439882697938,17.42857142857143,1
2022,15,-19.507586206896562,2.655172413793103,-8.04,-0.18068965517241153,-0.3862068965517249,145.23448773448774,0
2022,-15,9.354901960784318,-0.6921568627450974,-0.1411764705882348,0.562745098039219,1.4137254901960787,-196.64574314574315,1
2022,-1,-7.298142717497555,-2.212121212121213,-1.1085043988269767,-2.8484848484848477,-2.771260997067449,-0.4185592185592206,0
2022,-5,0.2091212458286975,-2.810901001112347,-0.002224694104562275,-0.12124582869855516,0.37819799777530605,-7.501587301587303,0
2022,-3,0.3103448275862064,1.3459051724137936,-0.7607758620689644,1.4299568965517224,1.0905172413793096,5.6046176046176015,1
2022,-7,3.635775862068968,2.5226293103448274,-0.22952586206896441,-0.8114224137931032,0.5043103448275854,-51.862193362193366,0
2022,1,-3.128054740957964,-3.3030303030303028,-2.184750733137829,-2.155425219941348,-2.0664711632453567,16.603174603174605,0
2022,-9,-13.731250000000003,2.645833333333334,-1.6416666666666657,0.939583333333335,-0.02291666666666714,-29.60966810966811,1
2022,-7,12.057142857142864,4.114285714285714,-0.08571428571428541,1.9142857142857146,1.8571428571428559,-58.44805194805194,0
2022,7,1.9364613880742922,0.48680351906158315,1.9286412512218973,5.901270772238515,3.2385141739980448,21.438672438672437,0
2022,-13,13.282131661442008,2.2946708463949843,1.3082549634273768,-3.387669801462902,-1.545454545454545,-121.7005772005772,0
2022,11,0.5324675324675212,-0.8939393939393945,-1.5108225108225106,2.6764069264069263,2.154761904761905,128.24819624819625,0
2022,9,-7.084677419354833,-2.129032258064516,-0.5161290322580641,2.338709677419356,0.7943548387096779,107.0981240981241,0
2022,-15,9.407308377896612,1.4714795008912667,5.565062388591798,3.286096256684491,1.9117647058823533,-170.26406926406926,1
2022,-13,7.71875,2.2909482758620694,0.2327586206896548,2.576508620689655,2.7532327586206904,-137.31168831168833,1
2022,13,-11.279918864097354,-1.14604462474645,-4.358012170385397,2.2332657200811354,2.3184584178498984,137.92568542568543,0
2022,-7,-3.61397058823529,2.1121323529411757,-0.08823529411764852,-1.108455882352942,-2.0330882352941178,-40.547619047619044,1
2022,9,-2.680443548387103,-1.12399193548387,-2.326612903225808,-3.02016129032258,-1.224798387096774,54.48845598845599,0
2022,5,-6.652462121212125,-2.8560606060606055,-2.2982954545454533,-3.8570075757575744,-3.583333333333334,28.555555555555554,1
2022,3,2.242424242424235,-3.8181818181818183,-5.242424242424242,-1.6666666666666679,0.18181818181818166,18.856421356421357,1
2022,3,2.536764705882348,-2.1875,-0.20588235294117752,0.7371323529411775,0.7444852941176467,8.76190476190476,0
2022,-5,8.033266129032256,5.625,-0.7973790322580641,5.643145161290322,3.665322580645162,-25.23809523809524,0
2022,3,-0.4451612903225737,-0.9903225806451612,0.4451612903225808,-1.0096774193548406,-1.4806451612903224,0.8253968253968296,0
2022,-11,8.001014198782968,2.345841784989859,0.18864097363083232,1.8681541582150096,0.6572008113590257,-126.95021645021646,1
2022,-1,3.472916666666663,-0.7395833333333339,0.8520833333333329,0.6937500000000014,2.0979166666666664,-7.077628968253968,0
2022,-5,-2.3991071428571473,1.6366071428571427,-0.7821428571428584,4.666964285714286,3.569642857142858,-12.061538461538458,1
2022,11,3.669117647058826,-1.992647058823529,0.242647058823529,2.1194852941176485,2.6194852941176467,103.85930735930737,0
2022,13,0.5151515151515156,-1.2424242424242422,-1.0,1.90909090909091,0.030303030303031164,122.82467532467533,0
2022,11,4.714565004887589,-0.2991202346041053,1.5601173020527845,-3.5151515151515156,-3.3695014662756613,110.42496392496392,0
2022,-8,5.387669801462906,-0.06165099268547536,0.03657262277952,3.3145245559038656,3.68234064785789,-52.61976911976912,1
2022,-8,12.408231368186875,-2.655172413793103,5.70967741935484,-3.379310344827587,-1.6395995550611797,-30.012265512265515,1
2022,8,-9.557932263814621,-1.6987522281639933,2.33511586452763,-4.680926916221036,-3.328877005347593,41.13780663780664,0
2022,8,-0.14956011730205887,-1.6520039100684265,0.028347996089934213,-1.045943304007821,-0.18279569892473013,32.42279942279943,1
2022,-7,-1.0151515151515156,1.6657196969696972,-4.886363636363637,-0.7159090909090899,-1.8446969696969688,-24.9011544011544,0
2022,-8,0.08571428571428896,2.3761904761904766,0.9333333333333336,3.8761904761904766,2.833333333333332,-44.38744588744588,1
2022,-8,10.137931034482762,1.6206896551724146,0.3448275862068968,-1.862068965517242,-1.0344827586206904,-94.10966810966812,0
2022,1,-6.826612903225808,-3.032258064516129,-0.3225806451612918,-5.370967741935484,-3.560483870967742,9.484848484848484,0
2022,-8,16.465073529411768,-0.9650735294117645,4.071691176470587,3.6525735294117645,3.9430147058823533,-41.75613275613276,1
2022,-5,8.088235294117638,0.8529411764705888,1.117647058823529,0.0588235294117645,-0.264705882352942,-20.95743145743146,1
2022,1,0.04933586337760687,2.2381404174573056,-1.0398481973434563,-1.409867172675522,-1.6641366223908918,-10.424242424242426,1
2022,8,-4.240927419354833,-0.185483870967742,-3.101814516129032,-3.28125,-3.346774193548388,27.17099567099567,1
2022,-8,3.900568181818187,3.945075757575758,4.1439393939393945,3.4573863636363633,2.3551136363636367,-45.96248196248196,0
2022,-3,11.450367647058826,0.7003676470588243,3.8308823529411775,2.983455882352942,1.2757352941176467,-11.024941724941726,1
2022,8,0.2296015180265698,-3.117647058823529,1.133776091081593,-4.4924098671726735,-2.202087286527515,40.73232323232324,0
2022,5,1.163636363636357,-1.0272727272727264,1.0787878787878782,1.1484848484848484,-0.22121212121212075,24.63419913419913,0
2022,3,-10.888192267502617,1.3521421107628004,-4.515151515151516,4.349007314524556,3.7168234064785803,17.090909090909093,1
2022,-1,8.470588235294116,0.23529411764705976,1.9411764705882355,-2.5588235294117645,-1.264705882352942,-0.9393939393939394,1
2022,-4,8.735294117647058,-1.7647058823529402,3.9411764705882355,4.3235294117647065,4.382352941176471,-5.621212121212121,0
2022,9,0.3958944281524879,0.014662756598241344,0.8465298142717508,-0.4095796676441843,-1.6373411534701852,29.983405483405484,0
2022,-3,6.788235294117655,1.1078431372549016,0.3254901960784302,-2.003921568627451,-1.4862745098039216,-24.90909090909091,1
2022,1,-8.349431818181813,1.5075757575757578,-0.4498106060606055,-0.9176136363636367,-1.6136363636363633,-2.746031746031747,0
2022,4,1.1401515151515156,-0.6969696969696972,3.6363636363636367,-0.40909090909091006,0.34469696969696884,20.098124098124096,1
2022,-12,13.621703853955381,0.7251521298174453,1.4989858012170387,0.3164300202839776,0.5882352941176467,-117.12481962481962,0
2022,2,-3.2370766488413523,0.3440285204991085,-0.8386809269162221,5.616755793226382,4.655971479500893,7.242424242424244,0
2022,3,3.18716577540107,3.478609625668449,1.2905525846702304,0.08377896613190572,-2.591800356506239,-1.4848484848484853,0
2022,-9,3.770053475935839,3.6987522281639933,3.452762923351159,2.8930481283422473,1.783422459893048,-49.28066378066378,1
2022,-7,11.34273772204807,0.23406478578892376,3.429467084639498,-2.3573667711598745,-0.030303030303031164,-98.25396825396825,1
2022,-1,5.951871657754012,1.2139037433155089,1.9376114081996434,2.3778966131907318,0.025846702317290138,-5.090909090909091,1
2022,-6,2.6613190730837744,0.049910873440286,-1.3128342245989302,-0.737967914438503,-1.3226381461675576,-19.05266955266955,0
2022,-7,1.0730837789661365,0.6381461675579327,-2.577540106951872,1.438502673796794,0.1773618538324424,-26.264790764790764,1
2023,0,-10.212121212121218,2.9090909090909083,-1.0303030303030276,0.8484848484848477,-1.6060606060606055,-14.998719918074762,0
2023,0,-1.063740856844305,-2.1567398119122245,1.154649947753395,2.4576802507836994,0.050156739811914264,61.580645161290334,0
2023,0,-1.4829222011385212,3.2561669829222017,-0.5844402277039826,-2.833965844402279,-4.1764705882352935,9.259088581669225,1
2023,0,8.34375,0.34375,-2.875,-3.40625,-0.6875,8.258064516129082,1
2023,-15,3.900608519269767,1.4421906693711968,6.8640973630831645,2.128803245436103,0.002028397565926099,-179.78787878787878,1
2023,-1,-0.2320075757575779,-1.520833333333334,-1.6155303030303045,2.0293560606060623,1.5871212121212128,-12.333333333333332,1
2023,1,-7.5,-0.5625,-0.1875,0.34375,-0.5,-14.222222222222221,1
2023,-7,-9.937254901960785,3.6196078431372554,-1.2549019607843164,2.3313725490196084,1.5764705882352938,-35.611111111111114,1
2023,9,12.574596774193552,1.965725806451612,1.3074596774193559,1.9506048387096762,2.0625,64.08651026392961,1
2023,-15,7.841911764705884,2.0202205882352935,4.2297794117647065,1.470588235294116,1.2996323529411757,-148.29081133919846,1
2023,15,-1.3282732447817835,1.4003795066413662,-2.44212523719165,1.2590132827324467,0.8719165085389005,189.82062561094818,0
2023,-1,-5.939393939393938,-1.1515151515151523,0.9696969696969688,-4.121212121212121,-3.0909090909090917,6.920634920634921,1
2023,-3,1.7575757575757507,0.4848484848484853,-6.212121212121211,-2.27272727272727,-1.9090909090909083,14.347763347763351,1
2023,3,4.03125,-1.375,2.21875,0.15625,-0.09375,-5.836805555555557,0
2023,3,-0.9210084033613413,-5.623529411764706,1.6512605042016801,-13.094117647058823,-10.205882352941178,20.21572871572872,1
2023,-13,7.713507625272328,0.564270152505447,0.6274509803921546,2.765795206971678,1.8790849673202619,-103.30938416422288,0
2023,7,8.989583333333329,2.5994318181818183,2.0473484848484844,1.1363636363636367,0.9895833333333339,33.468276515151516,0
2023,-9,-3.778787878787881,1.781818181818183,1.0636363636363626,-3.575757575757578,-1.6575757575757581,-73.6119257086999,1
2023,13,0.29857397504456173,-2.1310160427807476,1.2468805704099815,-3.0,-3.7486631016042793,103.03958944281526,0
2023,-13,0.9430147058823479,3.391544117647058,-2.0827205882352935,-5.564338235294116,-3.3713235294117645,-127.51124144672532,1
2023,-11,5.34375,3.03125,-1.625,2.71875,2.25,-86.91251221896384,1
2023,-9,2.0721925133689894,1.4643493761140807,1.0338680926916233,1.143493761140821,1.2718360071301245,-59.004398826979475,1
2023,-5,-1.5454545454545467,-2.5151515151515156,3.18181818181818,0.30303030303030454,1.0,-19.24652777777778,1
2023,15,3.193014705882348,-1.3125,-4.6764705882352935,-3.461397058823529,-2.4485294117647065,289.286412512219,1
2023,1,-1.637867647058826,0.507352941176471,2.4742647058823515,-3.90625,-3.4338235294117645,3.0923295454545467,1
2023,-11,14.1875,0.75,0.1875,0.375,0.0,-96.39736070381232,1
2023,-9,-0.6884469696969688,-1.6467803030303028,2.770833333333332,-1.7964015151515156,-1.482954545454545,-35.378787878787875,1
2023,-11,4.46875,2.0,1.71875,-1.875,-1.71875,-89.57722385141741,1
2023,-5,-3.03125,1.3125,-0.21875,-2.59375,-2.75,-21.07936507936508,1
2023,-13,7.784926470588232,2.071691176470588,-2.3786764705882355,0.6599264705882355,0.7591911764705888,-98.29276637341154,1
2023,7,-5.557765151515156,-1.9090909090909092,2.9422348484848477,-1.2992424242424256,-1.0871212121212128,24.426197458455523,0
2023,-3,-2.555443548387103,-0.840725806451613,0.7167338709677402,-4.475806451612904,-3.054435483870968,-4.746031746031747,1
2023,-5,-7.683712121212125,1.0861742424242422,-3.5795454545454533,-2.975378787878789,-3.6467803030303028,-37.205069124423964,0
2023,-7,-0.47242647058823195,1.125,0.7536764705882355,-4.852941176470587,-3.4944852941176467,-28.490620490620493,1
2023,5,-4.858288770053477,-0.950089126559714,0.7058823529411775,-1.9278074866310178,-1.570409982174688,34.70573870573871,0
2023,11,-7.669829222011387,-1.6394686907020875,-2.541745730550282,1.8538899430740017,0.2685009487666026,92.88269794721407,0
2023,-7,11.81283422459893,2.5080213903743314,6.982174688057043,4.1559714795008915,2.77005347593583,-32.192640692640694,1
2023,7,-0.5169340463458099,0.19607843137254832,-1.0677361853832465,4.384135472370769,2.5356506238859193,20.363636363636363,1
2023,8,-2.310661764705884,-1.8327205882352935,-1.3547794117647065,3.810661764705884,2.3878676470588243,29.05988455988456,0
2023,-8,4.5218855218855225,-0.35016835016835035,-6.90909090909091,-1.1851851851851833,-0.050505050505050164,-73.49120234604106,0
2023,8,9.043346774193552,-0.3155241935483879,0.40120967741935587,0.9193548387096762,0.65625,72.69257086999022,0
2023,1,0.7415329768271022,-0.6622103386809268,0.5481283422459882,-0.32620320855614793,0.7673796791443852,3.6818181818181834,0
2023,8,-5.538655462184877,-3.4764705882352933,1.7100840336134446,-6.800000000000001,-5.294117647058824,36.715728715728716,0
2023,5,-6.255514705882348,-1.329044117647058,0.8952205882352935,0.689338235294116,0.9963235294117645,36.85700757575758,0
2023,-1,7.485795454545453,2.662878787878787,0.8390151515151523,1.378787878787879,2.148674242424242,-5.1515151515151505,1
2023,-3,0.5198863636363598,2.2348484848484844,-6.773674242424242,4.860795454545453,3.3342803030303028,-9.137310606060606,0
2023,7,-1.875,0.5625,-5.5625,-0.4375,0.25,272.68035190615836,0
2023,-3,11.318181818181813,-1.4592803030303028,1.34375,0.42329545454545325,0.3248106060606055,-20.82167832167832,1
2023,-3,0.4375,-3.03125,-0.75,1.875,2.3125,-7.041125541125542,1
2023,-1,-4.375946969696969,-1.3030303030303028,2.427083333333332,-0.3901515151515156,-1.420454545454545,-5.318181818181817,0
2023,-5,9.715370018975335,0.25616698292220086,-3.8766603415559757,1.6669829222011394,0.5948766603415567,-25.78354978354978,0
2023,8,-5.290552584670223,-0.3012477718360067,-1.2807486631016047,-0.035650623885917554,0.8618538324420673,46.73753665689149,0
2023,4,-4.030303030303031,-3.121212121212121,-0.4545454545454568,3.1818181818181834,0.9696969696969706,16.515151515151516,0
2023,5,6.368371212121218,-2.3901515151515156,1.6988636363636367,-0.49715909090908994,-0.2840909090909083,10.060606060606062,1
2023,1,12.588235294117652,-1.391544117647058,2.0202205882352935,4.439338235294116,2.7775735294117645,1.9848484848484853,1
2023,-4,5.274193548387103,1.684475806451613,-1.3104838709677402,6.569556451612904,4.741935483870968,-15.374458874458874,1
2023,-9,1.6734006734006783,-0.7441077441077439,0.5757575757575744,-2.3063973063973044,-0.7474747474747474,-88.32358870967742,1
2023,-4,-4.376838235294116,2.6764705882352935,1.4172794117647065,-0.904411764705884,-1.6691176470588243,-28.348484848484848,0
2023,-4,10.83272058823529,2.016544117647058,6.1507352941176485,3.352941176470587,2.2444852941176485,-13.772727272727272,0
2023,-1,-3.558823529411754,-0.382352941176471,-2.588235294117645,0.1764705882352935,0.8529411764705888,-11.81818181818182,1
2023,1,-8.045454545454547,2.944128787878787,-0.19223484848484773,-2.089962121212121,-0.4763257575757578,3.409090909090909,1
2023,6,2.65625,0.34375,2.4375,-3.75,-3.375,1.3484848484848513,1
2023,3,1.553308823529406,0.3235294117647065,-0.24080882352941302,-1.125,-0.41911764705882426,24.242424242424242,1
2023,1,5.29261363636364,-1.7035984848484844,3.804924242424242,-2.9545454545454533,-1.6467803030303028,8.046401515151516,0
2023,-1,-0.9517045454545467,2.787878787878787,1.2452651515151523,1.003787878787879,0.3674242424242422,-20.78787878787879,1
2023,4,6.8125,-0.09375,2.625,-1.90625,-1.71875,7.060606060606062,0
2023,-1,7.110795454545453,2.569128787878787,0.7140151515151523,-0.6212121212121211,-0.10132575757575779,-5.666666666666666,1
2024,0,11.549242424242422,-1.0473484848484844,1.1931818181818166,4.3418560606060606,4.902462121212121,-14.24561403508772,1
2024,0,12.966594827586206,-0.3168103448275854,0.2887931034482776,7.974137931034482,6.644396551724139,-24.596491228070192,0
2024,0,-5.02745098039216,1.2686274509803912,-2.272549019607844,0.36862745098039085,-0.4980392156862745,12.929824561403507,0
2024,0,-8.516129032258064,2.032258064516129,-1.612903225806452,3.387096774193548,1.903225806451612,30.89473684210526,1
2024,-13,11.393939393939391,1.0606060606060606,3.3636363636363633,0.3636363636363633,0.4545454545454568,-155.55188819506395,1
2024,11,-8.1875,1.09375,-4.34375,4.21875,2.21875,97.23490930716622,0
2024,-3,-1.1955645161290391,-0.686491935483871,-0.09879032258064413,-5.257056451612904,-3.577620967741936,0.45614035087719174,1
2024,-5,11.789661319073076,1.4153297682709454,3.237967914438503,-2.6746880570409957,-1.5338680926916233,-52.513529586678565,0
2024,-7,5.1968854282536086,-0.05895439377085587,2.9165739710789786,-3.746384872080089,-2.0022246941045605,-48.19268510258698,1
2024,-11,11.97843137254901,2.6901960784313736,1.6431372549019585,6.199999999999999,5.133333333333333,-106.45554564377045,1
2024,-13,0.04269449715370399,2.428842504743832,-2.912713472485766,3.792220113851993,2.31593927893738,-136.60689860243832,1
2024,-9,-9.34375,-1.088709677419355,1.980846774193548,-3.068548387096776,-2.165322580645162,-55.093666369313105,1
2024,1,-1.6434937611408174,-1.9786096256684491,-1.4411764705882355,-4.3939393939393945,-2.3698752228164004,-3.0,1
2024,5,0.7853535353535364,0.4797979797979792,0.4646464646464672,0.10858585858586167,-0.8055555555555554,31.497175141242934,1
2024,-15,19.780933062880322,1.1206896551724146,5.149087221095336,7.753549695740366,6.559837728194726,-282.81058578650016,1
2024,-11,13.025735294117652,-0.983455882352942,1.8474264705882355,1.15625,1.1580882352941178,-103.2185548617306,0
2024,5,3.293226381461679,-1.0998217468805702,0.09714795008912702,0.7522281639928678,0.5543672014260235,14.161760333035978,1
2024,13,-14.371975806451616,-0.29838709677419395,-3.69858870967742,-0.058467741935483986,-0.681451612903226,186.0746357418971,0
2024,3,-1.40625,-2.125,0.5,0.4375,0.28125,7.596491228070171,0
2024,3,5.969696969696969,-3.121212121212121,-0.45454545454545325,0.787878787878789,1.7575757575757578,1.691772534785244,0
2024,-9,10.75,-0.058712121212121104,0.6089015151515156,5.5094696969696955,5.390151515151516,-70.40440083258994,1
2024,-11,9.880681818181813,2.3456439393939394,-3.805871212121211,7.544507575757576,6.515151515151516,-116.8123699078204,1
2024,-5,-4.152573529411768,-2.46875,0.904411764705884,-3.501838235294116,-1.2242647058823533,9.614035087719294,1
2024,3,-5.848739495798313,-4.821008403361343,-0.9798319327731093,-4.906722689075629,-2.1495798319327726,3.281004234724744,1
2024,-15,6.98671726755218,2.443074003795066,3.2409867172675533,1.529411764705884,0.758064516129032,-183.7731192387749,1
2024,-9,9.1875,2.46875,-0.75,3.21875,2.3125,-77.02557240559024,1
2024,7,5.1875,-0.96875,-0.375,9.15625,8.21875,24.167410050550103,1
2024,-15,-0.7447817836812192,0.5436432637571169,-0.7172675521821645,-4.9525616698292225,-3.285578747628083,-166.60630389533156,1
2024,7,7.912554112554105,0.8562770562770563,3.1835497835497826,2.019047619047619,0.3731601731601746,29.887005649717512,1
2024,-13,-0.8058823529411683,-0.8196078431372547,-4.482352941176472,-4.845098039215687,-3.552941176470588,-122.10347903657448,1
2024,-1,8.857954545454547,2.6931818181818183,3.371212121212121,4.1780303030303045,2.4905303030303028,-7.175438596491226,0
2024,15,-18.26490713587488,-3.288367546432063,-6.053763440860216,-4.258064516129032,-3.385141739980451,248.26196848052334,0
2024,-7,-3.206439393939391,-1.3409090909090917,-0.1524621212121211,-2.124053030303031,-1.8797348484848477,-64.43324412726732,1
2024,-1,2.781639928698752,-6.9634581105169335,2.6078431372549034,-5.052584670231731,-2.721033868092693,-17.280701754385962,0
2024,1,0.27468230694037743,2.822091886608016,-1.685239491691103,-1.5816226783968723,-0.7546432062561106,-0.6170086232530494,0
2024,-9,9.771805273833678,1.5973630831643,-0.2099391480730226,7.235294117647058,6.16024340770791,-79.57746060065418,0
2024,-5,13.197458455522977,4.513196480938416,3.6158357771260974,3.9227761485825994,2.514173998044967,-25.972940826642876,1
2024,-8,5.20772058823529,-1.1691176470588243,5.4871323529411775,-4.4577205882352935,-2.2058823529411757,-36.07701457032412,1
2024,1,8.645161290322577,2.193548387096775,0.3225806451612918,0.5161290322580676,0.3225806451612918,-0.677966101694917,1
2024,8,-14.35294117647058,-2.6176470588235308,-3.8235294117647065,-4.764705882352942,-4.117647058823529,62.66607195955992,0
2024,-5,1.2557932263814706,-0.6434937611408209,-3.6898395721925112,2.5106951871657763,1.6746880570409974,-32.6344243132671,1
2024,-3,-0.050653594771233657,-0.20915032679738665,-0.5032679738562074,1.3055555555555571,0.4983660130718963,-64.28070175438597,1
2024,8,-8.349376114081991,-1.7727272727272734,-4.735294117647058,-5.4233511586452785,-4.928698752228163,24.354445435622956,0
2024,-5,2.9375,2.1875,2.46875,3.34375,2.375,-26.723758548914663,1
2024,-8,12.34375,1.125,0.96875,-2.90625,-1.5,-32.91317276241451,1
2024,-3,2.65625,1.375,-3.46875,5.0,2.8125,-21.250966399048465,0
2024,-8,7.783088235294116,2.9632352941176467,3.4264705882352935,2.404411764705884,1.6875,-42.229259589652095,1
2024,-8,-3.125946969696969,-0.4223484848484844,-0.649621212121211,-1.3333333333333321,-0.5928030303030312,-39.93785310734463,1
2024,-8,-1.764705882352942,-2.8235294117647047,-1.647058823529413,-6.0882352941176485,-4.5882352941176485,-45.15016354445435,1
2024,8,1.0,0.6176470588235299,3.0882352941176485,4.676470588235295,4.617647058823531,17.34909307166221,0
2024,-7,4.426197458455519,3.094819159335289,1.8602150537634436,1.903225806451612,1.5786901270772233,-34.949152542372886,1
2024,-8,0.635775862068968,1.612068965517242,-0.8588362068965516,5.90625,4.658405172413794,-59.1876300921796,1
2024,3,9.279411764705884,0.5625,-2.641544117647058,-0.21691176470588402,0.522058823529413,7.423728813559322,1
2024,-4,10.533143939393938,3.514204545454545,1.5795454545454533,5.7282196969696955,2.842803030303031,-28.674695212607787,0
2024,-4,7.283088235294116,0.33823529411764675,1.2077205882352935,-2.376838235294116,-1.46875,-23.813559322033896,1
2024,1,8.85294117647058,2.0882352941176485,4.9117647058823515,2.352941176470587,2.764705882352942,4.186440677966101,1
2024,3,6.814338235294116,-3.319852941176471,2.1507352941176485,1.8235294117647065,1.819852941176471,10.949152542372882,1
2024,-9,1.9330065359477118,-1.4084967320261432,-0.9379084967320281,-4.21732026143791,-3.3807189542483673,-45.717514124293785,0
2024,4,0.2512218963831856,-1.6754643206256112,-0.956989247311828,-5.677419354838708,-3.9980449657869013,15.525423728813559,0
2024,1,1.0625,-3.625,2.9375,-6.46875,-4.375,7.067796610169492,0
2024,-2,13.34375,3.03125,-0.78125,4.84375,3.6875,-20.878085043116265,1
2024,-2,-2.941176470588232,-1.2352941176470598,-1.5,-3.970588235294116,-3.0,-7.949152542372881,1
2024,-7,3.4826388888888857,0.006944444444444642,1.0069444444444429,0.19444444444444287,-0.09027777777777857,-44.93785310734463,0
2024,-1,3.925189393939391,0.28030303030303116,1.3229166666666679,3.8125,2.155303030303031,-3.6610169491525424,1
2024,3,9.279411764705884,0.9742647058823533,-0.08272058823529349,3.283088235294116,3.375,12.491525423728813,0
2024,10,-7.032828282828277,-1.9747474747474758,-3.1111111111111107,-5.194444444444443,-3.5025252525252526,54.70056497175141,0
2024,0,-1.923351158645275,-0.9420677361853844,-1.4901960784313744,-5.470588235294116,-3.530303030303031,-0.9322033898305087,1
2025,0,4.181818181818187,2.1333333333333337,0.04848484848485057,5.290909090909091,3.324242424242424,-32.40740740740739,1
2025,0,10.937931034482759,-0.38423645320197064,2.0837438423645303,2.758620689655171,3.3133004926108374,-13.666666666666664,1
2025,0,-1.8901515151515156,-2.166666666666666,-4.1751893939393945,-1.4905303030303045,-0.6363636363636367,2.7962962962963047,0
2025,0,0.40992647058823195,2.9319852941176467,-0.5441176470588225,0.522058823529413,-0.5753676470588225,4.611111111111107,0
2025,3,0.3939393939393909,-1.3636363636363624,-1.424242424242422,5.6969696969696955,4.515151515151516,17.74074074074074,1
2025,15,-11.666666666666657,-0.8484848484848477,-1.424242424242422,-1.878787878787879,-2.1818181818181817,256.30820105820106,0
2025,-5,4.63636363636364,-2.454545454545455,0.8181818181818201,-1.121212121212121,-1.545454545454545,-11.157407407407405,1
2025,1,-3.352941176470594,-2.2647058823529402,2.235294117647058,-4.2941176470588225,-3.3823529411764692,16.560185185185183,1
2025,5,-15.74486803519062,-0.5356793743890513,-2.293255131964809,-5.643206256109483,-4.4770283479960895,24.598544973544975,1
2025,1,-11.07386363636364,0.6022727272727266,-2.4176136363636367,2.8948863636363633,0.4289772727272734,17.009920634920636,0
2025,15,-3.6058823529411796,-1.1392156862745093,2.033333333333335,2.841176470588234,0.9019607843137241,203.2903439153439,0
2025,-7,1.0107526881720332,-0.78494623655914,0.1808406647116314,-3.6901270772238526,-1.6314760508308908,-46.199074074074076,0
2025,-7,0.327205882352942,2.305147058823529,3.5753676470588225,1.009191176470587,0.3860294117647065,-21.238095238095237,1
2025,9,3.8399621212121247,1.2869318181818183,1.8267045454545467,2.1732954545454533,2.3210227272727266,55.672619047619044,0
2025,13,-0.955882352941174,-3.6470588235294112,-0.4191176470588225,1.391544117647058,1.882352941176471,140.85714285714286,0
2025,-13,1.329044117647058,-0.702205882352942,0.523897058823529,2.1525735294117645,2.9430147058823533,-137.6223544973545,1
2025,-9,-6.6875,4.446428571428571,-2.616071428571427,5.5,3.0178571428571423,-55.175264550264544,1
2025,-11,4.1278409090909065,-0.6515151515151523,-0.8844696969696955,-3.84375,-2.679924242424242,-82.2718253968254,1
2025,-3,-5.0,0.25,-1.4375,-2.625,-1.8125,-13.722222222222221,1
2025,11,-4.2626728110599,-2.127188940092166,-3.8940092165898648,-0.3658986175115224,-1.905069124423962,113.41071428571429,0
2025,-13,14.333333333333343,0.0,5.636363636363637,3.212121212121211,2.212121212121211,-116.90939153439153,1
2025,9,2.233455882352942,-0.53125,-0.8308823529411775,-5.047794117647058,-4.5661764705882355,64.64021164021165,0
2025,1,-4.257575757575751,-0.767045454545455,-2.59375,-1.52840909090909,-0.21685606060606055,4.462962962962962,1
2025,7,-4.911764705882348,-3.7058823529411757,1.0294117647058805,-5.8823529411764675,-2.8529411764705888,11.001984126984127,1
2025,-1,-1.4545454545454533,2.545454545454546,1.0,-4.575757575757574,-3.696969696969699,-8.74074074074074,1
2025,-15,13.190730837789658,1.2745098039215694,0.547237076648841,1.6675579322638114,2.2459893048128343,-207.1005291005291,1
2025,-15,10.508538899430732,4.038899430740038,5.207779886148007,-0.9212523719165091,-1.4165085388994303,-160.46825396825398,1
2025,-5,5.786931818181813,5.631628787878787,3.5984848484848477,1.0265151515151523,0.03693181818181657,-21.203703703703706,1
2025,-11,2.6761363636363598,2.5672348484848477,-2.0568181818181834,4.551136363636363,2.7518939393939377,-82.08399470899471,1
2025,-11,12.85141739980449,-3.2023460410557174,3.747800586510266,0.6392961876832821,0.7223851417399825,-86.6058201058201,1
2025,9,-3.1666666666666714,0.5009469696969688,-0.41287878787878896,5.2907196969696955,3.479166666666666,68.81944444444444,0
2025,13,2.192234848484844,1.416666666666666,-0.5804924242424256,-2.6742424242424256,-3.3276515151515156,134.6845238095238,0
2025,-5,-3.61818181818181,-0.5238095238095237,-3.186147186147185,0.3939393939393945,0.3021645021645014,-12.25925925925926,1
2025,-3,-3.0899621212121247,-0.6638257575757578,-3.4952651515151523,-7.4157196969696955,-4.430871212121213,-9.348821548821547,0
2025,7,-1.8572825024437947,-3.1818181818181817,0.3137829912023449,-2.8015640273704783,-3.9716520039100693,35.63400673400673,0
2025,-3,-6.25,2.40625,2.21875,-2.375,-2.75,-24.63756613756614,1
2025,8,-2.099821746880565,-4.601604278074865,0.2210338680926931,0.9322638146167535,1.5641711229946527,33.54232804232804,1
2025,-8,8.613190730837786,2.711229946524064,-3.3253119429590043,4.459893048128343,3.4197860962566846,-31.86375661375661,1
2025,3,1.2554112554112606,1.728138528138528,-1.4199134199134207,-1.9142857142857146,-3.7887445887445867,9.660714285714286,1
2025,7,12.430481283422466,-1.4331550802139024,3.6363636363636367,3.077540106951872,3.4625668449197846,14.428571428571427,0
2025,1,3.952205882352942,-4.507352941176471,2.4816176470588225,-4.647058823529413,-2.5514705882352935,-0.3035714285714306,1
2025,8,-2.55620723362658,2.2697947214076244,1.0615835777126108,0.8416422287390013,0.14662756598240456,44.41335978835979,0
2025,-5,-0.014705882352942012,0.016544117647057988,3.305147058823529,0.9963235294117645,1.5055147058823533,-22.640873015873012,1
2025,8,-12.199413489736074,-0.6871945259042018,-4.14173998044966,3.387096774193548,1.3714565004887582,34.919973544973544,0
2025,-5,17.746212121212125,-1.3115530303030312,4.519886363636363,7.192234848484848,5.546401515151516,-17.660714285714285,1
2025,-1,5.52317290552584,2.3181818181818183,2.342245989304814,2.6595365418894836,2.501782531194296,-7.950649350649353,1
2025,8,-7.205882352941174,0.7463235294117645,-4.5349264705882355,-0.408088235294116,-1.038602941176471,34.93386243386243,0
2025,7,-8.017825311942957,-2.5677361853832448,-3.762032085561497,-3.3377896613190714,-1.12210338680927,31.357142857142858,0
2025,3,-1.4848484848484844,3.1515151515151505,1.9393939393939377,0.06060606060606233,0.515151515151512,8.272486772486772,0
2025,8,-6.431372549019613,-2.118538324420678,-0.05258467023173097,-2.7736185383244205,-1.7450980392156872,30.430555555555557,0
2025,-8,-1.8172348484848442,0.4270833333333339,1.0804924242424256,-1.2945075757575744,1.2964015151515156,-28.703042328042326,1
2025,-3,3.1818181818181728,1.5151515151515147,1.5757575757575744,0.9696969696969688,1.1515151515151505,-9.213624338624339,0
2025,-4,10.151515151515156,1.7272727272727266,4.212121212121211,7.848484848484848,5.818181818181818,-18.19642857142857,1
2025,3,-0.970588235294116,0.5588235294117645,-0.235294117647058,3.264705882352942,2.5588235294117645,16.07142857142857,0
2025,-3,3.7450980392156765,3.234402852049911,2.065062388591798,0.5499108734402824,-0.3627450980392162,-10.482142857142858,1
2025,7,-4.303030303030297,-2.303030303030302,1.212121212121211,2.6969696969696955,1.4242424242424239,30.345899470899468,0
2025,-4,5.583778966131902,1.0641711229946527,-1.8547237076648848,0.2834224598930497,0.44919786096256686,-16.607142857142854,1
2025,-3,-3.6729055258467014,2.524064171122994,0.5454545454545467,-2.9866310160427822,-2.0080213903743314,-16.32142857142857,1
2025,-4,0.9696969696969688,3.000000000000001,4.181818181818183,1.0303030303030312,1.7272727272727284,-15.999338624338623,1
2025,1,10.56773618538324,-1.0989304812834213,2.291443850267381,2.0320855614973254,1.3912655971479513,9.553571428571429,0
2025,1,8.41532976827095,1.0285204991087333,2.422459893048128,6.877896613190732,3.6327985739750446,3.3392857142857144,0
2025,-2,4.502673796791441,2.4162210338680943,3.5499108734402824,2.852941176470587,1.21301247771836,-9.696428571428571,1
2025,-1,5.696969696969688,-0.15151515151515227,-2.484848484848488,-1.787878787878789,-2.242424242424242,-6.1607142857142865,1
2025,-1,-0.529411764705884,0.9705882352941178,-1.617647058823529,-3.5,-2.6470588235294112,-2.4642857142857144,1
2025,0,-1.5632798573975037,-2.0828877005347604,-2.9135472370766493,-0.2165775401069503,0.3021390374331556,-0.3214285714285712,0
2025,0,8.5,-0.7647058823529402,3.9411764705882355,2.4117647058823515,2.617647058823529,-1.125,0
2025,0,11.205882352941174,1.5588235294117663,4.852941176470587,4.2941176470588225,2.7058823529411757,-0.6964285714285716,1
